unique_id,actual_total,lgb_pred,xgb_pred
02MRUH_6.0,0,0.11002485012023319,0.14990276
02MRUH_8.0,0,0.13202517446122541,0.19389807
02MRUH_9.0,2,1.5516186261130986,1.6231835
02MRUH_10.0,1,1.2008425690680213,1.6630664
02MRUH_11.0,2,1.5403404719292888,1.6295309
02MRUH_12.0,0,0.9909696495879166,1.631622
02MRUH_13.0,0,0.19706319555431315,0.22225323
02MRUH_14.0,0,0.13097346392932685,0.1439584
02MRUH_65.0,0,0.06471190841388816,0.08307537
02MRUH_85.0,0,0.4578266104581697,0.46114346
02MRUH_95.0,0,0.8064539770926525,1.0339309
02MRUH_105.0,1,0.49932190593902376,0.71063596
02MRUH_115.0,0,0.0907362125205711,0.14524652
05W6TK_4.0,2,1.642818493652864,1.9463382
05W6TK_5.0,10,2.8017224595620163,3.4734511
05W6TK_6.0,6,4.624251245763255,4.3397546
05W6TK_7.0,10,10.263781400072014,9.278738
05W6TK_8.0,27,18.773067116041823,16.412668
05W6TK_9.0,27,25.38621606857362,24.106316
05W6TK_10.0,37,15.52327406895417,23.740364
05W6TK_11.0,18,18.347277272753487,20.05703
05W6TK_12.0,21,27.02410905504304,26.046816
05W6TK_13.0,3,11.861355773880211,12.098842
05W6TK_14.0,5,4.127640033341376,3.5876436
05W6TK_45.0,0,1.257544685253849,1.9829825
05W6TK_55.0,1,1.8088466064087172,2.143091
05W6TK_65.0,2,1.797012510840442,2.0762448
05W6TK_75.0,7,8.25752370403065,8.0591545
05W6TK_85.0,21,18.165421039811644,19.58273
05W6TK_95.0,27,27.853908383303924,29.142426
05W6TK_105.0,42,24.361548402850136,24.540968
05W6TK_115.0,8,7.060817723595142,11.026474
05W6TK_125.0,3,4.634384426844492,3.7193074
066BOU_6.0,0,0.2206889504089456,0.26826018
066BOU_8.0,0,0.2697851379150301,0.4155203
066BOU_9.0,0,0.5658197856166275,0.3896771
066BOU_10.0,0,0.23583256874792263,0.5232679
066BOU_11.0,0,0.47238413194938156,0.43193465
066BOU_12.0,0,0.41960898406191893,0.30430633
066BOU_13.0,0,0.38503792395076736,0.30984756
066BOU_14.0,0,0.1226265154606168,0.14558744
066BOU_75.0,0,0.1756233098184112,0.21381283
066BOU_95.0,0,0.42069982971670516,0.5540223
066BOU_105.0,0,0.497022432160628,0.55697066
0LNUOV_7.0,7,3.490854484673087,2.7933006
0LNUOV_8.0,6,8.668888829441057,8.012218
0LNUOV_9.0,16,10.584324412712673,11.468887
0LNUOV_10.0,13,13.70099187391916,16.070189
0LNUOV_11.0,17,13.615070291417595,14.52933
0LNUOV_12.0,15,12.211621043106947,12.792961
0LNUOV_13.0,7,7.5877889789184785,6.326834
0LNUOV_75.0,4,2.7405237389901513,3.1101348
0LNUOV_85.0,9,8.466083525115907,8.341778
0LNUOV_95.0,18,11.93774505402588,12.488901
0LNUOV_105.0,17,9.758299639818249,11.947455
0SJH1Z_7.0,0,0.38875042125624193,0.37646464
0SJH1Z_8.0,1,0.6919271783032448,0.60825247
0SJH1Z_9.0,1,0.9397114679106009,0.7600749
0SJH1Z_10.0,0,1.2501507571606225,1.3303932
0SJH1Z_11.0,3,1.0697352064828536,0.83942455
0SJH1Z_12.0,1,0.25270447889929903,0.31499866
0SJH1Z_13.0,1,0.27711259492063245,0.20380393
0SJH1Z_85.0,0,0.621253088043461,0.5664357
0SJH1Z_95.0,0,0.47402497400704396,0.5431171
0SJH1Z_105.0,0,0.5319331889578187,0.40331885
0SJH1Z_115.0,0,0.24529980311106508,0.31263518
122OKQ_9.0,0,0.22017816614809532,0.2984539
122OKQ_10.0,0,0.14796659543939958,0.19149809
122OKQ_11.0,0,0.09452063487471324,0.18498869
122OKQ_12.0,0,0.20806088770438166,0.24711545
122OKQ_65.0,0,0.0739850859138657,0.0909732
122OKQ_85.0,0,0.32812956605788873,0.3981552
122OKQ_95.0,0,0.11737088789198206,0.23910764
122OKQ_105.0,0,0.017687507561553146,0.0741779
1A6YTA_5.0,0,0.2339388308533876,0.19934987
1A6YTA_6.0,0,0.06624429385118272,0.07946281
1A6YTA_8.0,0,0.1906539879604785,0.30130175
1A6YTA_9.0,1,0.6586442074026875,0.63991547
1A6YTA_10.0,0,0.6814458909911618,0.78420514
1A6YTA_11.0,0,0.49735348709218885,0.5775502
1A6YTA_13.0,0,0.02834169751515336,0.06673352
1A6YTA_75.0,0,0.03740084077639125,0.11220925
1A6YTA_95.0,0,0.1950714189344664,0.37155247
1A6YTA_105.0,0,0.13932450076871666,0.27896884
1D2ILZ_4.0,0,0.0976028043258921,0.13953647
1D2ILZ_5.0,0,0.2092460126731893,0.32530308
1D2ILZ_6.0,2,2.53507685257689,2.7818735
1D2ILZ_7.0,0,1.0608344173828255,1.1946638
1D2ILZ_8.0,0,0.8165898520974362,0.84003943
1D2ILZ_9.0,2,0.9732500754254316,0.8969575
1D2ILZ_10.0,0,1.189949180257443,1.1951215
1D2ILZ_11.0,1,1.7267927700188412,1.6794409
1D2ILZ_12.0,0,1.105999254051804,1.1671231
1D2ILZ_13.0,0,0.7553748056159085,0.65498036
1D2ILZ_14.0,0,0.11579499928642742,0.1641254
1D2ILZ_55.0,0,0.4188605239556913,0.2401047
1D2ILZ_75.0,2,0.28749903616127465,0.35095713
1D2ILZ_85.0,1,0.5830709715387051,0.44102445
1D2ILZ_95.0,2,0.8835564532829057,0.8339735
1D2ILZ_105.0,1,0.8942339908259018,0.9538996
1D2ILZ_115.0,1,0.5076678930647287,0.5319421
1D2ILZ_125.0,0,0.08339673511336798,0.18806803
1ENECA_7.0,5,3.1960551928551877,3.5376136
1ENECA_8.0,15,11.365464965909373,11.311173
1ENECA_9.0,19,15.939816270513719,16.472326
1ENECA_10.0,21,22.188479155363694,21.677315
1ENECA_11.0,17,13.77221203748465,15.173234
1ENECA_12.0,22,12.185021805184155,12.887065
1ENECA_13.0,6,6.231649269039544,5.613276
1ENECA_14.0,0,0.9846363266128116,0.9563029
1ENECA_75.0,2,2.79961154342482,3.1179202
1ENECA_85.0,16,15.469871122291607,11.8216915
1ENECA_95.0,21,16.66950326180258,25.698254
1ENECA_105.0,15,18.910225914914676,18.38075
1JT1XB_8.0,9,5.796308547378801,5.24821
1JT1XB_9.0,7,8.913119498834364,7.3458166
1JT1XB_10.0,12,9.369286118547512,11.666838
1JT1XB_11.0,12,12.02525636119148,11.479464
1JT1XB_12.0,6,7.905495117242264,7.464004
1JT1XB_13.0,5,3.8405272593615285,3.044074
1JT1XB_85.0,9,4.323966781735077,3.9425461
1JT1XB_95.0,11,11.869361256634013,9.348114
1JT1XB_105.0,15,20.088736441266427,16.214193
2LPO6D_7.0,2,0.965661891513953,0.6100518
2LPO6D_8.0,3,1.361054046092052,1.2009257
2LPO6D_9.0,4,3.5113342329908788,3.5239105
2LPO6D_10.0,8,3.759113693485517,3.734696
2LPO6D_11.0,5,3.7302401963844267,3.7726026
2LPO6D_12.0,4,2.816292063099904,3.3963811
2LPO6D_13.0,2,0.5720788130196158,0.8710997
2LPO6D_14.0,1,0.14296786945599013,0.16987282
2LPO6D_75.0,2,0.4850454670726237,0.33947513
2LPO6D_85.0,2,1.331199488819196,1.3907616
2LPO6D_95.0,4,4.403369165197896,3.6339746
2LPO6D_105.0,3,2.62629033896479,2.8518503
2OAVPY_5.0,0,0.0564474233677411,0.07868816
2OAVPY_6.0,3,0.0729186349851787,0.16053745
2OAVPY_7.0,1,1.3251156675918148,1.2606884
2OAVPY_8.0,5,2.0899091828678253,2.1107676
2OAVPY_9.0,14,4.615078539007128,4.752252
2OAVPY_10.0,17,5.692300724091431,6.1393814
2OAVPY_11.0,18,7.400705680734094,7.496491
2OAVPY_12.0,15,4.498156923365156,4.7489367
2OAVPY_13.0,1,2.116675270394571,2.3510008
2OAVPY_14.0,3,0.5215060654426461,0.69758785
2OAVPY_15.0,3,0.07891444837620275,0.13204075
2OAVPY_75.0,1,0.7648586472006745,0.6946676
2OAVPY_85.0,6,1.9727568001394071,2.3280718
2OAVPY_95.0,13,3.752170874440643,3.9688315
2OAVPY_105.0,12,3.545037624169122,4.710133
2T1DJM_5.0,1,2.143779457346093,2.0897195
2T1DJM_6.0,3,3.9015047661598072,3.4160144
2T1DJM_7.0,8,8.429025393254163,7.1618505
2T1DJM_8.0,22,21.37927038598646,18.731808
2T1DJM_9.0,38,46.3405766961963,35.168903
2T1DJM_10.0,53,35.4375359312483,31.794676
2T1DJM_11.0,51,36.68624076940122,37.54354
2T1DJM_12.0,42,40.2879859131109,33.367256
2T1DJM_13.0,24,11.417219085474983,12.091572
2T1DJM_14.0,4,2.730710479230181,2.8630915
2T1DJM_15.0,2,0.15700694415077543,0.21126275
2T1DJM_75.0,8,4.402771264555424,4.766502
2T1DJM_85.0,27,21.885553865150285,18.721703
2T1DJM_95.0,46,49.930125386093465,33.37097
2T1DJM_105.0,47,48.224046609609466,35.123363
2Z7ZEP_4.0,0,0.050920189436142925,0.093941994
2Z7ZEP_5.0,0,0.09968974854959568,0.13801871
2Z7ZEP_6.0,0,0.38416782909927566,0.26634988
2Z7ZEP_7.0,4,0.6663789305107719,0.6069207
2Z7ZEP_8.0,2,1.3746933532915355,1.5952641
2Z7ZEP_9.0,2,2.4299922835106127,2.5716865
2Z7ZEP_10.0,5,2.050295466491891,2.4942834
2Z7ZEP_11.0,1,1.4728948068249774,1.640786
2Z7ZEP_12.0,1,0.8270296724711284,0.8695249
2Z7ZEP_13.0,0,0.35632715895282835,0.3274058
2Z7ZEP_65.0,0,0.15847962705205296,0.19959821
2Z7ZEP_75.0,1,0.7525057198729481,0.68492186
2Z7ZEP_85.0,2,1.0587310819416516,1.038817
2Z7ZEP_95.0,2,1.1336849185900835,1.4158461
2Z7ZEP_105.0,1,1.6409406177515344,1.6771998
2Z7ZEP_115.0,0,0.336632249446072,0.34811518
2Z7ZEP_125.0,0,0.06971599053394555,0.09356034
32ZKOX_5.0,0,1.808690581081172,1.9376098
32ZKOX_6.0,1,1.7828202491842724,1.7993062
32ZKOX_7.0,9,4.811392100365112,4.41262
32ZKOX_8.0,10,8.094083865330084,9.780091
32ZKOX_9.0,20,13.911510999641058,17.190798
32ZKOX_10.0,19,13.574751018934784,18.612913
32ZKOX_11.0,5,12.743275231977652,17.280918
32ZKOX_12.0,7,7.945583590856065,10.526738
32ZKOX_13.0,5,6.39584282461381,7.5792894
32ZKOX_14.0,2,0.7439824338883968,0.87816614
32ZKOX_15.0,3,0.21939293204542096,0.30120888
32ZKOX_16.0,1,0.527286704115036,0.59330344
32ZKOX_65.0,2,1.4564145710319303,1.648235
32ZKOX_75.0,7,1.9950406344282556,1.6756767
32ZKOX_85.0,16,5.24724132044624,5.3901954
32ZKOX_95.0,19,14.373771258966052,17.904366
32ZKOX_105.0,32,16.796791516972288,14.628581
37VA62_5.0,0,0.7366104748077481,0.8054025
37VA62_6.0,1,1.9488629652370444,2.0554667
37VA62_7.0,0,2.930589748347803,3.0290391
37VA62_8.0,1,8.742888624380328,8.495717
37VA62_9.0,10,15.858832074222654,16.25912
37VA62_10.0,18,12.516801773330076,16.262177
37VA62_11.0,11,14.257932304954874,13.571346
37VA62_12.0,8,8.596154016934085,11.28165
37VA62_13.0,4,7.560872455013126,7.217092
37VA62_14.0,1,1.7620087762419916,1.9539104
37VA62_15.0,2,1.3433250008100313,1.3810176
37VA62_65.0,0,1.019926154336429,1.2484696
37VA62_75.0,0,2.8625998831281745,2.7491093
37VA62_85.0,2,12.757148176394919,9.594675
37VA62_95.0,6,9.821474961536348,10.912152
37VA62_105.0,7,13.074915393266751,15.026796
3LQL9L_4.0,0,0.07348536004191905,0.13337599
3LQL9L_5.0,0,0.17349656718047854,0.23249675
3LQL9L_6.0,0,0.18722834210558978,0.29436356
3LQL9L_7.0,1,0.6282756581384602,0.8250656
3LQL9L_8.0,1,1.623269735049228,1.7769482
3LQL9L_9.0,3,2.8669169726245816,2.9260948
3LQL9L_10.0,1,1.9317104467065318,2.561412
3LQL9L_11.0,2,1.3223592476236057,1.3534154
3LQL9L_12.0,0,0.7639107654488887,0.7946755
3LQL9L_13.0,0,0.6510703412879053,0.61936337
3LQL9L_45.0,0,0.2603155720708841,0.3395584
3LQL9L_55.0,0,0.2603155720708841,0.3395584
3LQL9L_65.0,0,0.24805481702845417,0.3119714
3LQL9L_75.0,0,1.316671501786905,2.0768058
3LQL9L_85.0,1,0.9751352453160644,0.73170924
3LQL9L_95.0,1,1.4106386765330896,1.134061
3LQL9L_105.0,0,1.6176833606816565,2.963304
3LQL9L_115.0,0,0.30548622630492145,0.41316047
3LQL9L_125.0,0,0.10601205448047259,0.27657786
4E0KXI_5.0,1,0.5013678518674117,0.28519103
4E0KXI_6.0,1,0.48263968587188844,0.5124318
4E0KXI_7.0,2,1.3953515907907257,1.2384386
4E0KXI_8.0,3,2.8167172533462446,2.8639095
4E0KXI_9.0,3,2.670637602681186,3.483802
4E0KXI_10.0,0,5.708059976373037,6.8268275
4E0KXI_11.0,0,3.213278258965068,3.4815588
4E0KXI_12.0,4,1.4989891133226394,2.053532
4E0KXI_13.0,0,1.2689408100781463,1.2741929
4E0KXI_14.0,0,0.2568151998472463,0.28943527
4E0KXI_15.0,0,0.2430301102092337,0.2393127
4E0KXI_16.0,0,0.1748806922154043,0.17990126
4E0KXI_65.0,2,0.8716490482570153,1.032604
4E0KXI_75.0,0,1.1104717900822274,1.1464071
4E0KXI_85.0,0,2.00547994331706,2.0809677
4E0KXI_95.0,6,1.9765088966004958,2.4733958
4E0KXI_105.0,2,2.3370420827408953,2.646278
4ILN0A_9.0,0,0.14943054062066052,0.13933222
4SD17H_7.0,2,0.6679167748598661,0.6367
4SD17H_8.0,1,0.44045572706831737,0.39073324
4SD17H_9.0,4,1.993885761477911,3.6659584
4SD17H_10.0,1,2.1809884443628937,3.515932
4SD17H_11.0,2,2.026916320712861,2.3666193
4SD17H_12.0,1,1.681273535735526,1.8053545
4SD17H_13.0,1,0.4027008011156484,0.35401258
4SD17H_85.0,0,0.6676728172282655,0.52729213
4SD17H_95.0,1,1.914879210472282,1.9471202
4SD17H_105.0,3,0.8394628270633882,0.77595603
56TC1Z_5.0,1,0.6359777442649311,0.57385325
56TC1Z_6.0,1,1.696223064159476,1.9866885
56TC1Z_7.0,5,2.268055612184027,2.0195916
56TC1Z_8.0,8,7.578351854230096,7.3441763
56TC1Z_9.0,22,13.658669342332953,13.372224
56TC1Z_10.0,19,14.81306217017005,16.331068
56TC1Z_11.0,21,16.601880978458322,17.863646
56TC1Z_12.0,14,10.193081565091896,14.000742
56TC1Z_13.0,5,7.083135712120328,7.4973135
56TC1Z_14.0,1,1.146029792241074,1.1568344
56TC1Z_15.0,1,0.5242581029299294,0.46749884
56TC1Z_75.0,1,1.2671986195971399,1.4971722
56TC1Z_85.0,5,6.3483439154519745,6.3916283
56TC1Z_95.0,7,11.300574535027373,12.150798
56TC1Z_105.0,14,9.713037071082192,11.34486
5HQR89_6.0,0,0.6980584821505287,0.65060055
5HQR89_7.0,0,1.1188457788464397,0.9798828
5HQR89_8.0,1,2.287722768362592,2.4466507
5HQR89_9.0,7,4.011494990282525,4.506018
5HQR89_10.0,6,7.332411023933676,7.265984
5HQR89_11.0,2,6.891976840590612,6.800266
5HQR89_12.0,0,4.688001564718795,4.538373
5HQR89_13.0,2,1.5564109799951138,1.9101675
5HQR89_14.0,0,0.5326091234614228,0.3939925
5HQR89_15.0,0,0.19245682778150872,0.33372647
5HQR89_75.0,0,0.7904729031616275,0.6603701
5HQR89_85.0,3,2.3023681556487516,2.822844
5HQR89_95.0,5,4.518528757561735,4.8325768
5HQR89_105.0,7,5.6130558484295685,5.0716443
5IXVJ1_8.0,0,0.16440569537026287,0.20197904
5IXVJ1_9.0,0,0.15792191112146847,0.17299324
5IXVJ1_10.0,0,0.1778090639242143,0.2828639
5IXVJ1_11.0,0,0.12962215194306914,0.15652008
5MNTT7_5.0,0,0.2600514517744424,0.26508975
5MNTT7_6.0,1,0.7002622947070952,0.763869
5MNTT7_7.0,1,1.2151904456822749,1.2525786
5MNTT7_8.0,1,1.905065337654431,2.216223
5MNTT7_9.0,3,3.4077280305610236,4.295383
5MNTT7_10.0,5,9.48770034155317,7.7055674
5MNTT7_11.0,5,2.792587829783334,3.1131918
5MNTT7_12.0,5,3.3773835254323825,2.9718475
5MNTT7_13.0,1,1.3477610509044888,1.5463841
5MNTT7_14.0,0,0.26950168532938623,0.27103412
5MNTT7_15.0,0,0.2313146959329262,0.21914452
5MNTT7_16.0,0,0.23010512073737094,0.21730311
5MNTT7_65.0,0,0.5001483115336495,0.4402466
5MNTT7_75.0,0,0.5310630532142544,0.8457794
5MNTT7_85.0,2,1.2157663126480047,1.5430486
5MNTT7_95.0,1,3.7413315371899323,3.42757
5MNTT7_105.0,3,3.3006806756405846,3.9652772
5P2MVG_7.0,1,1.1660117278939117,0.9764029
5P2MVG_8.0,5,6.056468859624042,6.3330183
5P2MVG_9.0,11,7.90137375328041,7.835473
5P2MVG_10.0,3,6.344059000825318,6.6461782
5P2MVG_11.0,4,5.51020556723404,5.1738276
5P2MVG_12.0,2,3.0779747947449905,3.0020936
5P2MVG_13.0,1,1.2875998522968644,1.226096
5P2MVG_75.0,2,2.1390636757563577,1.990454
5P2MVG_85.0,5,5.122102234797397,5.082713
5P2MVG_95.0,5,5.554414998159936,5.2752924
5P2MVG_105.0,5,6.323516003736302,7.384294
5P4LRT_8.0,0,0.09836958705350918,0.23515078
5P4LRT_9.0,0,0.17744870652209024,0.19442879
5P4LRT_10.0,0,0.20639305231633848,0.34856567
5P4LRT_11.0,0,0.07765272657753093,0.11102973
5P4LRT_13.0,0,0.09544693272214728,0.12682243
5P4LRT_85.0,0,0.30026076672777124,0.3389256
5P4LRT_95.0,0,0.4578917382474998,0.58148175
5P4LRT_115.0,0,0.030928517547798857,0.20456666
5X8RAN_5.0,0,0.186796785746014,0.23144366
5X8RAN_6.0,0,0.20837068582574123,0.17854895
5X8RAN_8.0,0,0.4769037727167699,0.6112336
5X8RAN_9.0,0,0.9120192325966622,1.0325811
5X8RAN_10.0,1,0.1686612206925172,0.22828484
5X8RAN_11.0,0,0.4358801354325493,0.59341323
5X8RAN_12.0,1,0.5408386363318247,0.7184318
5X8RAN_13.0,0,0.05055429716624545,0.06878246
5X8RAN_85.0,0,0.06878425314157492,0.07467971
5X8RAN_95.0,0,0.25649745225578535,0.29646987
5X8RAN_105.0,0,0.21024736491492838,0.2519442
5X8RAN_115.0,0,0.08945093502290331,0.08892714
63KAC1_8.0,0,0.07581297623094714,0.08031146
63KAC1_9.0,0,0.05451686309582189,0.08357741
63KAC1_10.0,0,0.137835214364926,0.097671926
63KAC1_95.0,0,0.06346142861082926,0.07270402
69L9MX_7.0,0,0.7823667585724448,0.6105442
69L9MX_8.0,0,0.45648599969594333,0.9053932
69L9MX_9.0,0,0.36598490401714495,0.6563872
69L9MX_10.0,0,1.095043720473473,1.4220878
69L9MX_11.0,0,0.6118953836404843,1.4451423
69L9MX_12.0,0,0.522855076372575,0.73698616
69L9MX_13.0,0,0.5233420773542434,0.48509908
69L9MX_14.0,0,0.2496182357826628,0.26191646
69L9MX_75.0,0,0.08524770623809386,0.114080824
69L9MX_85.0,1,1.0606360136395139,1.237942
69L9MX_95.0,4,1.3248525092811774,1.4821458
69L9MX_105.0,3,2.268161520627578,2.5628352
6M2FJM_5.0,1,2.2642040454310437,2.051813
6M2FJM_6.0,1,1.6595392330143217,2.1150198
6M2FJM_7.0,6,9.420654310419032,10.287026
6M2FJM_8.0,8,12.566835964940225,9.483932
6M2FJM_9.0,6,44.95739281751701,40.412674
6M2FJM_10.0,30,42.68120260274352,33.727135
6M2FJM_11.0,25,32.75756133707767,27.132872
6M2FJM_12.0,22,12.891701906561979,17.495684
6M2FJM_13.0,13,15.639755359703976,14.968066
6M2FJM_14.0,5,3.469383867814356,2.935228
6M2FJM_15.0,1,0.3710251201611757,0.3477361
6M2FJM_16.0,0,0.9649347043877712,1.0711877
6M2FJM_65.0,7,1.402267708797898,2.1291661
6M2FJM_75.0,10,8.978075174087246,9.084816
6M2FJM_85.0,13,16.88781017256604,16.661709
6M2FJM_95.0,43,14.7830437412871,23.923475
6M2FJM_105.0,22,17.88124595318529,27.842287
6MKIC6_10.0,0,0.045385546000234735,0.09994055
6MKIC6_75.0,0,0.12205826796775839,0.21750996
6N3PKW_7.0,0,0.12504084490460846,0.11948398
6N3PKW_8.0,1,0.08086384405281268,0.09591242
6N3PKW_9.0,2,0.8057786095086246,0.7609801
6N3PKW_10.0,0,0.47526708523275857,0.4411455
6N3PKW_11.0,2,0.14493904734713192,0.2885726
6N3PKW_12.0,1,0.14968725838934405,0.23112236
6N3PKW_13.0,0,0.3779689197183531,0.22596745
6N3PKW_95.0,1,0.137895641635591,0.16966884
6N3PKW_105.0,1,0.34090486725917774,0.26688904
6N3PKW_115.0,1,0.09966316922938559,0.10286572
6N3PKW_125.0,0,0.06687397711906597,0.0850185
6NDM0O_6.0,0,0.4540023986377797,0.7365243
6NDM0O_7.0,1,1.1246568361558567,1.0130241
6NDM0O_8.0,4,1.7123560604974546,1.8257914
6NDM0O_9.0,0,0.7950112914069225,0.7890149
6NDM0O_10.0,0,0.47242094872758317,0.76564556
6NDM0O_11.0,0,2.276766064571168,2.1625018
6NDM0O_12.0,0,1.4207625394961259,1.6351639
6NDM0O_13.0,0,1.444767594230062,1.1396091
6NDM0O_14.0,0,1.5196330812835044,1.4658644
6NDM0O_15.0,0,0.19429804310118942,0.24784486
6NDM0O_16.0,0,0.41405443730316577,0.3056784
6NDM0O_65.0,0,0.19315679793215784,0.19939193
6NDM0O_75.0,1,0.4582471429392897,0.38985357
6NDM0O_85.0,1,1.096779872761503,1.0113169
6NDM0O_95.0,0,2.0015650381836423,1.9707546
6NDM0O_105.0,0,1.7299136979569638,1.5783712
6WT73N_6.0,0,0.05674598133362201,0.09493483
6WT73N_8.0,1,1.9285574813185142,2.4223824
6WT73N_9.0,3,0.655073717233394,0.67632496
6WT73N_10.0,2,0.5997400402827792,0.53030646
6WT73N_11.0,1,0.5447878721054922,0.4317934
6WT73N_12.0,0,0.7797694582606307,0.5443623
6WT73N_13.0,2,0.344980635690698,0.25400898
6WT73N_14.0,0,0.09491119101892784,0.14442047
6WT73N_75.0,1,0.3323130611355593,0.31146204
6WT73N_85.0,1,0.876666725979889,0.7259473
6WT73N_95.0,3,1.0987299732965634,1.1009109
6WT73N_105.0,2,0.7921944450364977,0.76709974
70EPUK_5.0,0,0.3164186425215493,0.3374498
70EPUK_6.0,0,0.33895144703563224,0.46643236
70EPUK_7.0,1,0.9778586162053744,0.9062924
70EPUK_8.0,1,1.5019333295120199,1.5674177
70EPUK_9.0,7,2.3627348216401587,4.3618083
70EPUK_10.0,0,1.567128066431274,2.8133788
70EPUK_11.0,0,2.9457871082095854,2.6720366
70EPUK_12.0,2,1.6346439903967382,1.5932974
70EPUK_13.0,2,1.3050567602470777,1.1034093
70EPUK_16.0,0,0.04439530259439656,0.100533634
70EPUK_65.0,0,0.5351261054030955,0.3994314
70EPUK_75.0,1,0.33783148915433525,0.33052817
70EPUK_85.0,7,0.94502085215046,1.1352171
70EPUK_95.0,1,1.6023613110958432,1.4425625
70EPUK_105.0,0,2.810029970405647,5.025762
7BU1V7_5.0,0,0.07101390883263493,0.14413197
7BU1V7_6.0,3,0.37576680961201203,0.530079
7BU1V7_7.0,0,2.4964540282291017,2.8662226
7BU1V7_8.0,8,8.178034297471724,8.328402
7BU1V7_9.0,20,29.771828974949408,26.766092
7BU1V7_10.0,38,28.147319158461183,26.410748
7BU1V7_11.0,33,20.082606093708165,22.106121
7BU1V7_12.0,18,15.489432736381966,16.560276
7BU1V7_13.0,10,8.28618447009832,7.6815968
7BU1V7_14.0,0,1.3820081704508496,1.3431777
7BU1V7_15.0,0,0.3024904814634477,0.38229004
7BU1V7_75.0,2,2.913798108332086,3.1035092
7BU1V7_85.0,10,7.45599258299265,8.334625
7BU1V7_95.0,18,18.513483534094142,18.901596
7BU1V7_105.0,30,20.08766011209739,21.21797
7GC57K_10.0,0,0.25269115557607075,0.39141485
800OVF_5.0,0,0.2552435285069855,0.35552856
800OVF_6.0,0,0.8957928025442956,1.0074117
800OVF_7.0,6,1.8723833869449955,2.0505373
800OVF_8.0,4,3.0284095999466767,3.2168777
800OVF_9.0,1,5.908949051561664,5.90569
800OVF_10.0,10,5.393423758308725,4.6556373
800OVF_11.0,7,4.784658842976755,5.7499466
800OVF_12.0,4,4.126238313724899,4.437113
800OVF_13.0,1,2.111840540282985,2.5166907
800OVF_14.0,0,0.38116202740892463,0.3520615
800OVF_15.0,0,0.37222005071069164,0.51863194
800OVF_65.0,0,0.19026831956620147,0.3312161
800OVF_75.0,3,1.535348759853903,1.5286167
800OVF_85.0,6,2.4175011928440213,3.0090015
800OVF_95.0,0,4.9790299003021135,5.6714716
800OVF_105.0,1,4.911004588146341,4.6604376
84ABYS_5.0,0,0.23395341280375193,0.32572943
84ABYS_6.0,0,0.15140301020826308,0.24767585
84ABYS_7.0,0,0.6782651315550897,0.67148244
84ABYS_8.0,0,1.154427174514773,1.0085392
84ABYS_9.0,0,1.502162731824389,1.6690321
84ABYS_10.0,0,0.7932516816208748,1.0708764
84ABYS_11.0,0,0.8150896507115976,0.7723891
84ABYS_12.0,0,0.7971816015795751,0.8930848
84ABYS_13.0,0,0.30456940139330846,0.28360727
84ABYS_14.0,0,0.27905637778941217,0.28283238
84ABYS_65.0,0,0.11866472516540309,0.13585655
84ABYS_75.0,0,0.4941385209454833,0.34578463
84ABYS_85.0,2,1.3151894868024407,1.6160355
84ABYS_95.0,2,1.595539944067013,1.5914191
84ABYS_105.0,0,0.9073755601621597,0.9372898
8BSFSA_6.0,1,1.5214705915504039,2.6951463
8BSFSA_8.0,0,0.3620119318636117,0.59352964
8BSFSA_9.0,1,2.0289111349844817,2.9065905
8BSFSA_13.0,0,0.4942619679948299,0.42500296
8BSFSA_14.0,0,0.8219151199585628,0.31824884
8BSFSA_35.0,0,0.3613462955018812,0.4341958
8BSFSA_45.0,0,0.6326332453868198,0.31824884
8BSFSA_55.0,1,0.5209313911994381,0.54145116
8BSFSA_65.0,0,0.6499988536182446,0.7900827
8BSFSA_75.0,0,1.403836183546531,2.3856914
8BSFSA_85.0,1,0.9545369669455241,0.9161331
8BSFSA_95.0,2,1.3594175443707703,2.647348
8BSFSA_105.0,1,1.8423538877592314,2.9215999
8BSFSA_115.0,1,0.8550141493913075,1.6047509
8BSFSA_125.0,1,0.2082595495167101,0.36428434
8D9SAW_4.0,4,1.3155427683211223,1.114407
8D9SAW_5.0,2,2.9215270655760546,3.3937604
8D9SAW_6.0,25,22.512117532752228,20.391144
8D9SAW_7.0,11,16.841175136977927,16.735533
8D9SAW_8.0,18,24.666430722060895,25.502317
8D9SAW_9.0,37,28.164353710288694,26.981018
8D9SAW_10.0,37,31.104182591336862,28.02792
8D9SAW_11.0,28,22.4143656489063,22.982431
8D9SAW_12.0,26,21.532267411492658,22.353806
8D9SAW_13.0,16,11.455477545509925,11.466115
8D9SAW_14.0,3,1.900075268986206,2.2782369
8D9SAW_55.0,16,7.668915126462869,6.8847914
8D9SAW_65.0,25,2.1258621374897273,2.1467283
8D9SAW_75.0,8,11.761962379111488,12.534822
8D9SAW_85.0,20,22.1570322626212,21.095758
8D9SAW_95.0,27,26.553714918757485,23.328863
8D9SAW_105.0,21,24.308603931893437,27.907736
8E9F1P_5.0,0,0.07659972675450023,0.08664232
8E9F1P_6.0,0,0.4736241278923514,0.5526221
8E9F1P_7.0,4,0.610391242927506,0.6634746
8E9F1P_8.0,7,4.762071142420254,5.165992
8E9F1P_9.0,9,3.559019274919899,3.1496608
8E9F1P_10.0,6,3.503343234803764,3.9290988
8E9F1P_11.0,8,4.771685466441084,5.062862
8E9F1P_12.0,8,3.4118684524167886,3.7637134
8E9F1P_13.0,0,0.3272109738385093,0.46665236
8E9F1P_14.0,2,0.7853446914479647,0.5526636
8E9F1P_15.0,0,0.057773492752777204,0.113870084
8E9F1P_75.0,1,0.354596801574977,0.3974951
8E9F1P_85.0,5,1.011748357095188,1.0292323
8E9F1P_95.0,13,2.132870681962575,2.3259413
8E9F1P_105.0,8,2.1561561967965353,2.8220048
8N10W9_5.0,4,6.843416462642883,6.8678465
8N10W9_6.0,16,14.794683026265249,13.641986
8N10W9_7.0,35,18.50999908281163,21.300623
8N10W9_8.0,71,56.26323383880546,51.502758
8N10W9_9.0,116,99.5325606630551,70.106445
8N10W9_10.0,174,129.61567582705374,84.394806
8N10W9_11.0,148,119.58112687206523,82.45262
8N10W9_12.0,126,100.82029778042603,75.302635
8N10W9_13.0,77,50.09827299995036,46.68618
8N10W9_14.0,3,13.303377358076183,14.249527
8N10W9_15.0,11,7.186278466430347,8.327016
8N10W9_75.0,25,14.103348027902044,15.748849
8N10W9_85.0,61,52.18399564385679,49.891438
8N10W9_95.0,108,82.95091494798842,55.107533
8N10W9_105.0,125,102.18126247161399,67.25724
9KHDG3_4.0,0,0.08355914405585194,0.12551384
9KHDG3_5.0,0,0.2392354781242437,0.32866216
9KHDG3_6.0,1,0.43987269292530545,0.5262557
9KHDG3_7.0,3,1.4562773832142735,1.3557316
9KHDG3_8.0,4,1.3657128354494117,1.6784558
9KHDG3_9.0,9,8.87443711944522,12.581222
9KHDG3_10.0,8,1.9566934623783518,1.898392
9KHDG3_11.0,7,1.1170371806432111,1.6493813
9KHDG3_12.0,2,1.7731095504748013,1.7707524
9KHDG3_13.0,1,0.29284423499838885,0.2631397
9KHDG3_55.0,0,0.11974224582629008,0.23340163
9KHDG3_65.0,2,0.4994608679313783,0.35449088
9KHDG3_75.0,1,0.7892527721420748,0.6073347
9KHDG3_85.0,4,2.1467726039471136,2.441105
9KHDG3_95.0,8,2.47462468915352,4.345273
9KHDG3_105.0,4,2.5598514930023333,4.5786166
9KHDG3_115.0,5,0.6591747146167874,0.7573111
9KHDG3_125.0,0,0.08228273738807533,0.20179453
9KZ6W1_7.0,0,0.4186455301917267,0.44959772
9KZ6W1_8.0,0,0.7146187174691879,0.7740546
9KZ6W1_9.0,0,0.4499849501773767,0.46644062
9KZ6W1_10.0,0,0.1008447421288677,0.26020503
9KZ6W1_11.0,0,0.40560998963593203,0.8175843
9KZ6W1_65.0,0,0.04061242662449639,0.0787488
9KZ6W1_75.0,0,0.06557597303826046,0.25058535
9KZ6W1_85.0,0,0.4842030837313393,0.7702401
9KZ6W1_95.0,0,0.13391171095074175,0.25902703
9S4AF8_9.0,0,1.2707464563515398,1.449036
9S4AF8_13.0,29,0.06104674089828943,0.086445
9S4AF8_14.0,0,0.100405495247785,0.22418371
9S4AF8_105.0,1,0.6218790383094227,0.59305805
9VBE59_9.0,0,0.30245638569470873,0.560447
A19092_8.0,0,0.48973028763869125,0.37170172
A19092_9.0,0,0.21567050989084147,0.45051628
A19092_10.0,0,0.23352110394897932,0.35767755
A19092_11.0,0,0.24129393277801295,0.43321338
A19092_12.0,0,0.2811754407030162,0.23012872
A19092_13.0,0,0.06170061859045521,0.11959393
A7MDBC_4.0,0,0.1361734194261483,0.22945483
A7MDBC_5.0,0,0.2092625721248971,0.2784607
A7MDBC_6.0,0,0.4935495140709691,0.59895337
A7MDBC_7.0,0,0.4804521269513442,0.5389057
A7MDBC_8.0,2,1.4675344054772268,1.4192747
A7MDBC_9.0,1,0.8873496130045554,1.1263846
A7MDBC_10.0,2,1.8672373891535425,2.054456
A7MDBC_11.0,3,0.8107451975148798,0.83373344
A7MDBC_12.0,1,0.6553784403185893,0.6175041
A7MDBC_13.0,0,0.29420675970714577,0.36553955
A7MDBC_14.0,0,0.10127837952953567,0.20200957
A7MDBC_45.0,0,0.21549026970922622,0.2899554
A7MDBC_55.0,0,0.21549026970922622,0.2899554
A7MDBC_65.0,0,0.18962263168547722,0.32224622
A7MDBC_75.0,0,0.43746580188225986,0.39155078
A7MDBC_85.0,2,0.96348570400203,0.8961214
A7MDBC_95.0,3,1.6918583670231666,1.7931502
A7MDBC_105.0,1,1.6849490648238423,1.8618685
A7MDBC_115.0,0,0.16202950731584945,0.30354065
AB9XBU_7.0,1,0.7797461284087418,0.76632124
AB9XBU_8.0,7,2.8778026946511197,3.3295789
AB9XBU_9.0,8,6.942349167961289,6.8356442
AB9XBU_10.0,9,7.061038058102006,6.8832293
AB9XBU_11.0,9,6.252759056629889,6.908698
AB9XBU_12.0,3,5.930860989631456,5.4797473
AB9XBU_13.0,1,1.9778549857740824,2.2019916
AB9XBU_75.0,0,1.3529111718347193,1.3091292
AB9XBU_85.0,6,2.8919649649207426,2.8114438
AB9XBU_95.0,8,5.46132951592908,4.650594
AB9XBU_105.0,8,4.474431734564205,4.6228642
ADT9MG_5.0,0,0.22991261202116223,0.2073783
ADT9MG_6.0,0,0.228607243342715,0.2296843
ADT9MG_7.0,0,0.619625839548441,0.8415099
ADT9MG_8.0,0,1.409947927792328,1.8841871
ADT9MG_9.0,0,1.453259867231091,2.1018846
ADT9MG_10.0,2,2.223676488271278,2.6700194
ADT9MG_11.0,1,2.0308653713964704,2.6223733
ADT9MG_12.0,0,1.253665589554808,1.7293383
ADT9MG_13.0,1,0.9802546242238008,1.0823098
ADT9MG_14.0,0,0.46262532383467536,0.48538515
ADT9MG_15.0,0,0.05555352306466153,0.06986137
ADT9MG_16.0,0,0.1564449220513426,0.095871106
ADT9MG_65.0,0,0.05982092517620493,0.07640617
ADT9MG_75.0,0,0.3214183002107572,0.39638492
ADT9MG_85.0,0,0.9221593423253869,1.1116751
ADT9MG_95.0,0,1.4139632827778905,1.7486013
ADT9MG_105.0,0,1.7656409732801184,2.0063024
AHR20O_5.0,1,0.6440148236020626,0.6531589
AHR20O_6.0,9,1.0545570437859721,1.687762
AHR20O_7.0,18,4.87544542510634,4.612845
AHR20O_8.0,22,6.274633922798983,6.6690655
AHR20O_9.0,31,22.034178593886118,18.572865
AHR20O_10.0,8,11.607124595334577,16.968533
AHR20O_11.0,15,7.936274826779101,12.824994
AHR20O_12.0,21,17.50373107370933,19.751862
AHR20O_13.0,13,7.310550832227069,6.784917
AHR20O_14.0,5,1.0177849473520506,1.2938014
AHR20O_16.0,0,0.08675266144286616,0.114355505
AHR20O_65.0,4,1.0315601342231604,0.9912843
AHR20O_75.0,7,1.8408521288196158,1.7414193
AHR20O_85.0,22,9.353946071129789,8.482345
AHR20O_95.0,6,13.407097581422477,19.110884
AHR20O_105.0,9,8.721225640582496,13.401747
AHSNWF_9.0,0,2.5260497533784756,2.9952223
AHSNWF_13.0,0,0.1464245340841174,0.22361071
AKP0A7_7.0,14,5.060522342571897,5.181857
AKP0A7_8.0,30,14.356529533374577,13.806365
AKP0A7_9.0,38,27.118075070350656,24.417664
AKP0A7_10.0,47,32.19361060811038,27.062677
AKP0A7_11.0,52,30.187741893540736,25.307585
AKP0A7_12.0,32,23.58464000781935,25.913668
AKP0A7_13.0,20,12.83939649154558,13.045609
AKP0A7_75.0,8,6.897902629858967,7.5682964
AKP0A7_85.0,21,14.818820337011976,14.393152
AKP0A7_95.0,37,30.90511222965771,27.514359
AKP0A7_105.0,43,39.56735995177851,30.024702
APQKWK_5.0,0,0.033033059013053784,0.07155429
APQKWK_7.0,0,0.05458060338265159,0.088984855
APQKWK_8.0,1,0.07023137769948973,0.1547773
APQKWK_9.0,2,1.0949952739166733,1.6384425
APQKWK_10.0,3,0.9529193772775801,2.2629957
APQKWK_11.0,2,1.9973919072980386,3.0408003
APQKWK_12.0,2,0.6041268415068249,0.8703778
APQKWK_13.0,1,0.09544693272214728,0.12682243
ASG1IT_4.0,0,0.169989051732549,0.5034783
ASG1IT_5.0,1,0.6313406414841658,0.63913965
ASG1IT_6.0,3,0.3638776204353704,0.43037176
ASG1IT_7.0,0,0.11973000512258146,0.23142938
ASG1IT_8.0,1,0.17534706116399446,0.13525583
ASG1IT_9.0,0,0.22776139961154254,0.21881957
ASG1IT_10.0,0,0.15854025390796941,0.2629807
ASG1IT_11.0,0,0.1762825676014965,0.20889798
ASG1IT_12.0,0,0.21833519973403126,0.33760512
ASG1IT_45.0,0,0.05881079626453207,0.15660179
ASG1IT_55.0,0,0.22697436921922903,0.20274009
ASG1IT_75.0,0,0.047104554613956705,0.1356236
AX7BJ8_4.0,0,0.11424593969309559,0.16088562
AX7BJ8_5.0,0,0.2157415717574576,0.3303425
AX7BJ8_6.0,1,0.46454980451551325,0.57098514
AX7BJ8_7.0,1,1.8209576512071595,1.5648988
AX7BJ8_8.0,3,2.1819709476450027,2.4491096
AX7BJ8_9.0,4,2.9785909708953686,3.2999227
AX7BJ8_10.0,8,3.0217874379676113,2.9562664
AX7BJ8_11.0,3,2.4774266174951967,2.6330426
AX7BJ8_12.0,3,1.5597742655971547,1.7002786
AX7BJ8_13.0,2,0.9717845698740837,0.8342597
AX7BJ8_14.0,1,0.3107483151437552,0.37024948
AX7BJ8_45.0,0,0.21549026970922622,0.2899554
AX7BJ8_55.0,0,0.15298543249838945,0.284579
AX7BJ8_65.0,1,0.4528365572769018,0.5569982
AX7BJ8_75.0,2,1.536719891589482,1.1955718
AX7BJ8_85.0,2,2.650497401729433,2.5154297
AX7BJ8_95.0,6,2.474364392373071,2.7876623
AX7BJ8_105.0,8,2.5606746824243514,2.6747322
AX7BJ8_115.0,0,0.3916593397484138,0.51450187
AX7BJ8_125.0,0,0.03378850017597837,0.09690613
B24J86_1.0,0,0.021562733949343632,0.05666765
B24J86_4.0,0,0.03379084432166488,0.06318671
B24J86_5.0,0,0.23245795483690607,0.2638346
B24J86_6.0,0,0.17397932061458893,0.33907288
B24J86_7.0,0,0.6312414057406274,1.1985929
B24J86_8.0,0,2.1379474751838594,1.9607186
B24J86_9.0,0,1.7262658261913948,6.1711216
B24J86_10.0,2,3.6690925536491927,2.86941
B24J86_11.0,2,1.5964072392285713,1.8174628
B24J86_12.0,0,1.1535732499750817,1.2996901
B24J86_13.0,1,0.6116068318932142,0.5168348
B24J86_14.0,1,0.3282859602010387,0.32396817
B24J86_15.0,0,0.04532559776585572,0.11448328
B24J86_16.0,0,0.15221797971845438,0.15411052
B24J86_65.0,1,0.5687797753077632,0.54593974
B24J86_75.0,0,0.5855352894993828,0.72773385
B24J86_85.0,2,1.535887123638128,1.5085825
B24J86_95.0,5,1.685507138435731,2.9491665
B24J86_105.0,2,13.721635433800717,11.073503
BLJLMQ_4.0,0,0.24876977745895104,0.31992397
BLJLMQ_5.0,0,0.40084455658107804,0.95389026
BLJLMQ_7.0,0,0.4530632806199935,0.45181283
BLJLMQ_8.0,0,0.905046740357397,0.6534385
BLJLMQ_9.0,4,0.9141142844863367,0.8461258
BLJLMQ_10.0,2,0.6617232127215854,0.64937377
BLJLMQ_11.0,0,0.4958126003594228,0.5273618
BLJLMQ_13.0,0,0.08187541010678168,0.13357365
BLJLMQ_65.0,0,0.1454761717727402,0.16043343
BLJLMQ_75.0,0,0.0718494823011437,0.11449385
BLJLMQ_85.0,1,0.9794972471658471,0.7650887
BLJLMQ_95.0,0,0.885677653172156,0.6972338
BLJLMQ_105.0,1,0.6098105211785952,0.5819284
BLJLMQ_115.0,1,0.1492505351816451,0.17583738
C5O9C9_8.0,0,0.08635939815987924,0.09480943
CD1NU9_5.0,2,1.9436754813977102,2.2583346
CD1NU9_6.0,4,3.39064227555715,3.017087
CD1NU9_7.0,3,2.7541885296271613,3.3308504
CD1NU9_8.0,6,6.024350869149449,6.160305
CD1NU9_9.0,15,11.29934151818288,11.818121
CD1NU9_10.0,19,14.351373324394324,14.989086
CD1NU9_11.0,13,13.367172967033346,14.095101
CD1NU9_12.0,6,7.925457714505198,7.878
CD1NU9_13.0,8,14.720136258392658,8.406731
CD1NU9_14.0,2,3.271228097254429,2.4871752
CD1NU9_15.0,0,0.8993078347319986,1.3326545
CD1NU9_75.0,4,1.2552809565182528,1.2114252
CD1NU9_85.0,7,7.558070820975728,7.35826
CD1NU9_95.0,12,12.072239394640079,12.289663
CD1NU9_105.0,14,10.535728575322263,13.380417
CST1KC_7.0,0,0.04115769600464277,0.086185165
CST1KC_8.0,0,0.046559122554401984,0.097561605
CST1KC_9.0,0,0.06132858065443461,0.09140676
CST1KC_10.0,0,0.06539671806319647,0.11405604
CST1KC_11.0,0,0.11240234719661,0.14429551
CST1KC_12.0,0,0.129923475332896,0.13741657
CST1KC_14.0,0,0.03179062368128232,0.074601114
CST1KC_75.0,0,0.06311299877416156,0.09095427
CST1KC_105.0,0,0.13953302671176446,0.26419353
CU53FM_9.0,1,0.13528608569335532,0.21821108
CU53FM_10.0,7,0.10436468562624582,0.32932088
CU53FM_11.0,1,0.13540755798127999,0.32861936
CU53FM_12.0,7,0.20080566393187038,0.29536828
CVU3QV_6.0,0,0.21396815308369194,0.21435392
CVU3QV_7.0,0,0.4549442693703263,0.17146324
CVU3QV_65.0,0,0.15316103990731852,0.28153834
CVU3QV_75.0,0,0.03759902867223582,0.078766264
D05ZS7_4.0,0,0.1748065238991186,0.18859376
D05ZS7_5.0,0,0.8899849627599973,0.6376705
D05ZS7_6.0,2,1.1843009643733737,1.4544134
D05ZS7_7.0,0,2.0383457568730567,2.1173081
D05ZS7_8.0,12,4.584391085782214,4.8635473
D05ZS7_9.0,9,7.258985219345446,7.531827
D05ZS7_10.0,11,5.940461274348206,6.252189
D05ZS7_11.0,3,3.7496439784759694,3.64918
D05ZS7_12.0,3,4.0527478153058185,4.1648207
D05ZS7_13.0,6,1.0163712337178046,1.151745
D05ZS7_14.0,0,0.3513224187716133,0.28931352
D05ZS7_55.0,0,0.39783360908960763,0.44421375
D05ZS7_65.0,0,1.6424826488618849,1.8980261
D05ZS7_75.0,1,2.28300268208143,2.4692938
D05ZS7_85.0,6,4.820332944461522,5.0555034
D05ZS7_95.0,3,5.681913868355614,6.176674
D05ZS7_105.0,4,5.615446795567817,5.292558
D05ZS7_115.0,1,0.7551713239627599,0.7846823
D05ZS7_125.0,1,0.2375419552524217,0.3017059
D8AMD3_5.0,2,0.09999913414126045,0.12895286
D8AMD3_6.0,0,0.12484783263498204,0.19303729
D8AMD3_7.0,1,0.20464451512721132,0.26127985
D8AMD3_8.0,0,0.3972010692570852,0.33426568
D8AMD3_9.0,1,0.8309288110378692,0.86553305
D8AMD3_10.0,0,0.24414639539863522,0.22755606
D8AMD3_11.0,0,0.26593798003806934,0.34716064
D8AMD3_12.0,0,1.0089746248470275,1.3700633
D8AMD3_13.0,0,0.21957465337549625,0.18110378
D8AMD3_14.0,0,0.5110838446907275,0.89463896
D8AMD3_55.0,0,0.07538470136722215,0.11870459
D8AMD3_65.0,0,0.8683449556828751,0.8289614
D8AMD3_75.0,1,0.40070058337706466,0.38737524
D8AMD3_85.0,1,0.7580756268571183,0.6438728
D8AMD3_95.0,3,0.605806422357109,0.58654195
D8AMD3_105.0,3,0.9414000981293349,0.7680421
D8AMD3_115.0,2,0.27151608153906626,0.2834118
DF3KQM_8.0,0,1.157025441930083,1.7681347
DF3KQM_9.0,0,1.6082331188569716,2.2675023
DF3KQM_10.0,0,1.4682615699260357,2.0823905
DF3KQM_11.0,0,1.4376134171314625,2.0662532
DF3KQM_12.0,0,1.4095860975809607,2.0662532
DGAONE_5.0,3,1.2455903484909507,1.8954091
DGAONE_6.0,3,2.200902551747064,2.6057298
DGAONE_7.0,17,5.509524745778485,5.745717
DGAONE_8.0,9,6.175283372484316,7.4786234
DGAONE_9.0,0,20.09545146555617,21.152353
DGAONE_10.0,0,4.065774985572566,12.542631
DGAONE_11.0,0,10.41372784695929,11.4407215
DGAONE_12.0,15,14.626490843747902,12.862229
DGAONE_13.0,15,7.061230508131559,10.010979
DGAONE_14.0,4,1.5569914058476937,1.7425958
DGAONE_15.0,0,0.5956673515781951,0.56715256
DGAONE_16.0,2,0.49191669692000484,0.48681206
DGAONE_65.0,3,1.1303865101006607,1.4325476
DGAONE_75.0,12,8.251400919582627,8.076499
DGAONE_85.0,22,5.895073389411266,9.116251
DGAONE_95.0,3,6.226414695719441,9.393824
DGAONE_105.0,0,6.543715210419363,11.977431
DNLEH7_6.0,0,0.24568631836566257,0.30962524
DNLEH7_7.0,0,0.408432494886765,0.48800814
DNLEH7_8.0,2,0.9761749484824744,0.84741616
DNLEH7_9.0,2,2.042159939327738,1.7429874
DNLEH7_10.0,1,2.2540476986565006,2.3520827
DNLEH7_11.0,1,1.4491117392694823,1.436855
DNLEH7_12.0,0,0.9907427103433954,1.1083112
DNLEH7_13.0,0,0.6476838941265902,0.40067625
DNLEH7_65.0,0,0.06270494126579533,0.12254421
DNLEH7_75.0,0,0.6636996283815119,0.6574933
DNLEH7_85.0,1,1.1804886270985246,1.1106882
DNLEH7_95.0,4,1.4170285908119424,1.5059804
DNLEH7_105.0,0,1.3489309129590892,1.4083112
DNLEH7_115.0,0,0.37491866327801604,0.37981176
DNLEH7_125.0,0,0.027422016432550586,0.10173172
DSQXYR_5.0,1,0.3787988150311437,0.34028494
DSQXYR_6.0,0,0.10533996657926797,0.17238611
DSQXYR_7.0,1,0.9581481956610788,0.8621884
DSQXYR_8.0,0,2.1810516901983967,1.9827029
DSQXYR_9.0,0,2.1431854617302957,2.0781572
DSQXYR_10.0,0,1.766686504012578,2.1878595
DSQXYR_11.0,2,1.2643601733516274,1.2561731
DSQXYR_12.0,1,0.8460014298441564,0.8525922
DSQXYR_13.0,0,0.47712227720366296,0.29795924
DSQXYR_14.0,0,0.032252452572494976,0.066651076
E2ES5Z_7.0,0,0.2637225110848143,0.3171188
E2ES5Z_8.0,0,1.1692409963618877,1.5152777
E2ES5Z_9.0,0,0.8295385669425326,1.1007857
E2ES5Z_10.0,0,0.31417415393131853,0.34469467
E2ES5Z_11.0,0,0.32558147548177985,0.3628288
E2ES5Z_12.0,0,0.10349509132422012,0.1344064
E2ES5Z_13.0,0,0.07154940502892171,0.12343854
E2ES5Z_65.0,0,0.17773627355475438,0.20826244
E2ES5Z_75.0,0,0.07378344477828676,0.123891294
E2ES5Z_85.0,0,0.3488918140111996,0.3809246
E2ES5Z_95.0,0,0.9415499272157106,0.9773528
E2ES5Z_105.0,0,0.20614678950087675,0.28267983
E2ES5Z_115.0,0,0.14666538292805673,0.17046806
E5CISL_9.0,7,0.11167052342372447,0.28980875
E5CISL_10.0,7,0.2012449332986627,0.30533782
EA91CP_105.0,0,0.05750412845187364,0.08863229
EA91CP_115.0,0,0.045594134699806194,0.09094188
EAJXUV_9.0,0,0.11996697989198866,0.26706532
EAJXUV_10.0,0,0.1736475926113218,0.21564044
EAJXUV_11.0,0,0.12676046149565745,0.37064165
EAJXUV_12.0,0,0.04547966415590432,0.07128134
EAJXUV_13.0,0,0.2863751004471855,0.39108154
EAJXUV_14.0,0,0.15596435412374052,0.27784574
EAJXUV_85.0,0,0.38431676933345754,0.468032
EAJXUV_95.0,2,0.2251011050894512,0.5600276
EAJXUV_105.0,3,0.14553503513607427,0.16370632
EAJXUV_125.0,0,0.1457726414103468,0.317941
EBKM6C_5.0,1,0.3511083652313782,0.46614802
EBKM6C_6.0,2,0.534284112604225,0.4904137
EBKM6C_7.0,1,0.952402148534146,1.1020688
EBKM6C_8.0,2,0.9871292618187155,0.81963617
EBKM6C_9.0,2,0.8968801300633487,0.7249802
EBKM6C_10.0,3,1.0132881044543658,1.0241667
EBKM6C_11.0,2,1.6773756394964816,1.9391907
EBKM6C_12.0,2,0.5537484643904149,0.5355222
EBKM6C_13.0,0,0.5214693509518453,0.5088455
EBKM6C_14.0,0,0.11206486888223503,0.16126885
EBKM6C_65.0,1,0.8822762442385874,0.8563997
EBKM6C_75.0,0,0.5107393268112236,0.4765251
EBKM6C_85.0,1,0.7300359631434467,0.7273707
EBKM6C_95.0,1,1.3247967833875258,1.2940328
EBKM6C_105.0,1,1.1699167758463203,1.2664243
EO69NY_7.0,0,0.2029389602554943,0.12563975
EO69NY_8.0,1,0.04066508432620994,0.09586912
EO69NY_9.0,0,0.07290490507677591,0.16912404
EO69NY_10.0,0,0.13110003881410195,0.21407409
EO69NY_11.0,1,0.12612008867306362,0.1276381
EO69NY_12.0,0,0.08191613378613255,0.19091867
EQQBND_5.0,0,0.3691673806825778,0.29280046
EQQBND_6.0,0,0.49473530460009074,0.4724653
EQQBND_7.0,0,0.6887168939228181,0.6336869
EQQBND_8.0,0,1.9682704182279078,2.204822
EQQBND_9.0,8,1.5056080034988477,1.9191949
EQQBND_10.0,8,3.604983961173644,3.5939498
EQQBND_11.0,5,3.1467941427545014,3.8186553
EQQBND_12.0,2,4.970170439957073,4.4095316
EQQBND_13.0,0,1.9415702888154909,1.631287
EQQBND_14.0,1,0.47105873116093444,0.4619923
EQQBND_15.0,0,0.04020855942720686,0.08378542
EQQBND_16.0,0,0.1864540458475782,0.1523687
EQQBND_65.0,0,0.2437686276495724,0.32809147
EQQBND_75.0,1,1.4197957867366555,1.462269
EQQBND_85.0,0,0.9400005588866023,1.3771595
EQQBND_95.0,3,2.1068539853983017,1.7983286
EQQBND_105.0,7,5.691287338681948,5.2278657
ETU70R_9.0,0,0.12200762660073368,0.120199546
ETU70R_10.0,0,0.8946547851766055,0.5504675
ETU70R_11.0,0,0.3479041611222021,0.215756
ETU70R_12.0,0,0.14901816123376324,0.12767734
ETU70R_13.0,0,0.05066704221484291,0.09408536
ETU70R_85.0,0,0.20320592090180636,0.1365757
ETU70R_105.0,0,0.30571176341003553,0.6958819
ETU70R_115.0,0,0.042074077673889244,0.08015579
EUMBM7_5.0,0,0.09591405533317975,0.13423088
EUMBM7_6.0,0,0.4841805708686382,0.4778443
EUMBM7_7.0,2,0.3375227578181074,0.47809052
EUMBM7_8.0,4,1.275515022174544,1.2097683
EUMBM7_9.0,6,3.5647968348699797,2.4951053
EUMBM7_10.0,5,3.3591397628268185,2.6890302
EUMBM7_11.0,9,4.962597385020545,9.401929
EUMBM7_12.0,7,1.874355407605004,2.0625298
EUMBM7_13.0,9,0.7569633908466613,0.5916905
EUMBM7_14.0,0,0.2564382958962202,0.3331136
EUMBM7_15.0,0,0.41975246883574063,0.51196694
EUMBM7_16.0,0,0.10247445057269629,0.12734976
EUMBM7_65.0,0,0.14002033926842364,0.222044
EUMBM7_75.0,1,0.4568441634111414,0.46986663
EUMBM7_85.0,3,1.4314732262788976,1.5000695
EUMBM7_95.0,5,1.5731117017462197,1.6059482
EUMBM7_105.0,11,3.198587298983135,3.0495584
EYEOXS_5.0,1,1.259173042555331,1.2336268
EYEOXS_6.0,2,0.8986463417966241,1.3135775
EYEOXS_7.0,0,0.7325723064176084,0.7881081
EYEOXS_8.0,0,0.2873418547205439,0.31752124
EYEOXS_45.0,0,0.3175777021081284,0.21235035
EYEOXS_55.0,0,0.3325540366306662,0.27111465
EYEOXS_65.0,2,0.4816745253535925,0.42662624
EYEOXS_75.0,1,0.19382899950239973,0.22937462
EYEOXS_85.0,0,0.09443860728411453,0.09190152
EYEOXS_95.0,0,0.07207017028852641,0.10468976
EYEOXS_105.0,0,0.056282556014608943,0.09197076
F0P5OQ_4.0,0,0.027277172739845455,0.052785132
F0P5OQ_5.0,0,0.17450876641528307,0.22524771
F0P5OQ_7.0,0,0.10676770717919842,0.21882014
F0P5OQ_8.0,0,0.25393999112200977,0.35000452
F0P5OQ_9.0,0,0.06717344673844139,0.15000637
F0P5OQ_10.0,0,0.11480918184861377,0.23029298
F0P5OQ_75.0,0,0.13722121955850775,0.20541303
F0P5OQ_85.0,0,0.29548131338067163,0.4329925
F29V5I_5.0,0,0.36829289014803485,0.3727229
F29V5I_6.0,0,0.19324924091117301,0.28530872
F29V5I_7.0,3,0.7833005435751464,0.70299387
F29V5I_8.0,5,3.821319476423281,3.5356095
F29V5I_9.0,7,5.74556687107966,4.493849
F29V5I_10.0,10,7.496035864860831,5.8193564
F29V5I_11.0,8,3.2922718591483573,2.5639045
F29V5I_12.0,1,2.0542679592240436,1.9522015
F29V5I_13.0,0,0.8905948921286706,0.9016525
F29V5I_14.0,0,0.3107483151437552,0.37024948
F29V5I_55.0,0,0.15198490491908156,0.23082012
F29V5I_65.0,1,0.6367923153968487,0.6788611
F29V5I_75.0,4,1.4968274456460415,1.6185776
F29V5I_85.0,8,2.687589287877545,2.8637598
F29V5I_95.0,8,4.395654261776757,3.296352
F29V5I_105.0,7,3.005312224221417,3.456414
F29V5I_115.0,3,0.431700958041699,0.50865436
F29V5I_125.0,0,0.04316786315392279,0.13037154
F73ZE1_6.0,0,1.0561676380334857,0.4607354
F73ZE1_7.0,1,0.3769083070009838,0.4266621
F73ZE1_8.0,3,1.0739076490111832,0.99485475
F73ZE1_9.0,3,1.3529665834610485,2.8159401
F73ZE1_10.0,1,0.9912760841384739,1.3864894
F73ZE1_11.0,1,0.744394541026974,0.8963947
F73ZE1_12.0,1,0.46157529567679056,0.53585273
F73ZE1_13.0,0,0.1612100941807594,0.23352613
F73ZE1_14.0,0,0.1680790799404632,0.19212493
F73ZE1_65.0,0,0.12494476337320214,0.18557012
F73ZE1_75.0,2,0.71050354207941,0.36134782
F73ZE1_85.0,2,0.5578651006481832,0.5389331
F73ZE1_95.0,4,0.6404711776214933,0.93545777
F73ZE1_105.0,4,0.9846907152094182,1.0466236
F73ZE1_115.0,2,0.22859399454054402,0.31448984
F73ZE1_125.0,0,0.052171695731038574,0.15126275
F7LULH_1.0,1,0.2785819211420275,0.36961436
F7LULH_2.0,1,0.2785819211420275,0.36961436
F7LULH_3.0,0,0.08426159213006854,0.16855535
F7LULH_4.0,0,0.08426159213006854,0.16855535
F7LULH_5.0,1,1.1176909488724762,0.60088336
F7LULH_6.0,0,0.3554925105760716,1.2961884
F7LULH_7.0,0,2.3777043431821245,2.2077425
F7LULH_8.0,0,1.7903631767228274,2.272175
F7LULH_9.0,2,5.324719472077123,7.815381
F7LULH_10.0,1,1.706868732456893,1.8825371
F7LULH_11.0,1,2.062356080449371,2.642969
F7LULH_12.0,1,1.6456231809354571,1.4633842
F7LULH_13.0,2,0.8595865454009332,0.7321656
F7LULH_14.0,0,0.11108120630375998,0.3044557
F7LULH_15.0,0,0.10798091910607696,0.28946054
F7LULH_16.0,0,0.09811169392091941,0.3044557
F7LULH_65.0,0,1.3730190010071028,1.8867208
F7LULH_75.0,0,1.4115644664811609,2.0470874
F7LULH_85.0,2,1.4628862056058816,1.8556542
F7LULH_95.0,1,1.9000241757471041,1.8446223
F7LULH_105.0,9,14.314206878086708,10.853896
F98BNI_8.0,0,0.32428735938728415,0.35667005
F98BNI_9.0,1,0.3775566035721198,0.56964576
F98BNI_11.0,0,0.5034693728959565,1.2067022
F98BNI_85.0,0,0.4552819969845119,0.5147377
FJ25W1_4.0,0,0.0376436250489012,0.058467112
FJ25W1_5.0,0,0.07390286287998167,0.09433122
FJ25W1_6.0,0,0.19752869190972785,0.2365482
FJ25W1_7.0,0,0.10972337460528421,0.12190606
FJ25W1_8.0,0,0.2813931165260142,0.14798678
FJ25W1_9.0,0,0.35438261923041864,0.39278334
FJ25W1_10.0,1,0.3999519083149602,0.45962948
FJ25W1_11.0,1,0.19344156386156997,0.19296798
FJ25W1_12.0,0,0.11461800888342488,0.13785796
FJ25W1_75.0,0,0.03928904800953924,0.078766264
FJ25W1_85.0,0,0.10354946201159032,0.12027351
FJ25W1_95.0,0,0.1225267557823937,0.1689503
FJ25W1_105.0,0,0.26700909086671043,0.30070704
FQ53YY_5.0,0,0.09035697136230748,0.14426278
FQ53YY_6.0,0,0.1761273022899065,0.20028943
FQ53YY_7.0,0,0.17718676633744965,0.21348333
FQ53YY_8.0,2,0.1163362339348819,0.27766964
FQ53YY_9.0,0,0.18130084123918444,0.22272027
FQ53YY_10.0,1,0.1781895822269334,0.22747745
FQ53YY_65.0,0,0.07311580272071617,0.16634807
FQ53YY_85.0,1,0.2036502661761662,0.28019422
FQ53YY_95.0,1,0.11841425119502358,0.2628505
G8ASPE_5.0,1,1.8955264859107248,1.8006239
G8ASPE_6.0,2,2.3579791924669564,2.5785997
G8ASPE_7.0,3,7.127725320956028,7.1153846
G8ASPE_8.0,24,12.620426284500013,10.771295
G8ASPE_9.0,14,23.511649710747623,31.76031
G8ASPE_10.0,21,27.182775125644156,27.952698
G8ASPE_11.0,29,20.17775950837249,23.72817
G8ASPE_12.0,10,20.612341557130353,18.901817
G8ASPE_13.0,15,11.598983373322785,11.741983
G8ASPE_14.0,0,1.0894129484208621,1.0191519
G8ASPE_15.0,0,0.3660010983067697,0.3659002
G8ASPE_16.0,0,0.5940681624740176,0.4355756
G8ASPE_65.0,1,1.416487628544482,1.7069098
G8ASPE_75.0,3,6.285787225146803,5.752659
G8ASPE_85.0,11,5.593481651218414,9.605371
G8ASPE_95.0,18,19.272523472878497,25.947256
G8ASPE_105.0,13,20.59079510017387,27.021015
GPBMZJ_75.0,0,0.04948872880539346,0.089844264
GPBMZJ_85.0,0,0.05385064395747433,0.094654374
GPBMZJ_95.0,0,0.11642829035184357,0.23216522
GPBMZJ_125.0,0,0.014515620739947934,0.19542766
H1I7JZ_9.0,0,0.14688970870535836,0.15502143
H1I7JZ_10.0,0,0.21753622189657032,0.2746231
H1I7JZ_11.0,0,0.15084811288995129,0.17448278
H1I7JZ_12.0,0,0.1661094515738491,0.19867963
H1I7JZ_13.0,0,0.03991402057466996,0.08174471
H1I7JZ_85.0,0,0.06188678873969029,0.08721643
H1I7JZ_95.0,0,0.0567621282620625,0.086652026
H1I7JZ_105.0,0,0.05750412845187364,0.08863229
H51IVV_7.0,0,0.15919422085591683,0.29050604
H51IVV_8.0,0,0.07099461046251274,0.19704239
H51IVV_9.0,0,0.8784652005186945,0.9023066
H51IVV_10.0,1,0.5182030205592817,0.5423686
H51IVV_11.0,2,0.7108185586786494,0.8452407
H51IVV_12.0,0,0.6942327622350958,0.73884726
H51IVV_13.0,0,0.07096740933891527,0.19765878
H51IVV_14.0,0,0.05198970259100171,0.08666878
H51IVV_15.0,0,0.11544950590550242,0.12487739
HA0BOB_6.0,0,0.2644815390214418,0.28606018
HA0BOB_7.0,2,0.5046230982415099,0.33348468
HA0BOB_8.0,0,0.9963701126859319,0.92375565
HA0BOB_9.0,5,1.8699527805380918,2.3384385
HA0BOB_10.0,0,0.9499626964102604,1.2138557
HA0BOB_11.0,3,2.571123431361457,2.726562
HA0BOB_12.0,4,1.324258797049832,1.1984557
HA0BOB_13.0,0,0.6711692203713444,0.83384913
HA0BOB_75.0,0,0.3871762065660622,0.38537702
HA0BOB_85.0,1,0.9463188276578464,0.9066748
HA0BOB_95.0,4,2.351635695078001,3.0285366
HA0BOB_105.0,6,1.9314297205975848,2.0478978
HCMI82_5.0,0,0.6182882466989176,1.1427082
HCMI82_6.0,0,0.3086571635832262,0.20567393
HCMI82_7.0,0,0.26018267770586373,0.27483073
HCMI82_8.0,0,0.8619578299302926,0.8065186
HCMI82_9.0,2,0.7560520337401377,1.020279
HCMI82_10.0,0,0.7930216812820462,0.9853409
HCMI82_11.0,1,0.6070001362725757,0.71781856
HCMI82_12.0,1,0.48856312012336317,0.61770314
HCMI82_13.0,0,0.1626235579405775,0.24454196
HCMI82_14.0,0,0.08636922627457211,0.118295856
HGXJD0_6.0,0,0.15627362228912056,0.15799783
HGXJD0_7.0,0,0.07273208326670799,0.07863467
HGXJD0_8.0,0,0.5468970870756376,0.9585728
HGXJD0_9.0,1,0.41874386674755065,0.46200266
HGXJD0_10.0,2,0.5675260760868619,0.7882498
HGXJD0_11.0,0,0.8508492523982376,0.9472435
HGXJD0_12.0,0,0.44728772616764506,0.52243394
HGXJD0_13.0,0,0.19773856821213756,0.24472694
HI2X6U_4.0,0,0.11424593969309559,0.16088562
HI2X6U_5.0,1,0.4819232524851533,0.55030733
HI2X6U_6.0,1,0.5231028506550472,0.67807835
HI2X6U_7.0,3,1.0317243132765244,0.96769595
HI2X6U_8.0,1,1.1929650917076586,0.999418
HI2X6U_9.0,0,0.8753075221835771,0.95772856
HI2X6U_10.0,2,0.9047152241062735,0.93836063
HI2X6U_11.0,0,1.447741367034836,1.8355837
HI2X6U_12.0,1,2.0694496342407125,2.4901202
HI2X6U_13.0,0,0.8684384049372202,0.66820794
HI2X6U_75.0,1,0.6310487750674089,0.63089263
HI2X6U_85.0,2,0.9181969447925621,0.84370893
HI2X6U_95.0,0,2.6517231216768447,2.681426
HI2X6U_105.0,2,2.7759559869390893,3.0983257
HI2X6U_115.0,1,0.867682751632922,1.1181937
HI2X6U_125.0,1,0.18807370868605464,0.39700738
HLOISD_5.0,0,0.059604716433306504,0.09925537
HLOISD_7.0,1,0.38430329970736854,0.42509362
HLOISD_8.0,0,3.0984557581279675,1.4843293
HLOISD_9.0,1,1.0527125986100938,1.3811694
HLOISD_10.0,2,1.1999911865781756,1.2105705
HLOISD_11.0,0,1.4834790610769464,2.0193398
HLOISD_12.0,2,1.2982614800374717,1.4510453
HLOISD_13.0,1,0.6371176921403925,0.7577381
HLOISD_16.0,0,0.13762622010390754,0.1573643
HLOISD_65.0,1,0.1056773278833349,0.11573431
HLOISD_75.0,0,0.3320436816180757,0.35170832
HLOISD_85.0,2,0.7028557864598873,0.8939711
HLOISD_95.0,0,1.2391153398345842,1.231316
HLOISD_105.0,0,1.7681781888535038,1.9494646
HOUGRO_6.0,1,0.09920333372135735,0.16022877
HOUGRO_7.0,1,0.560233846351197,0.3718432
HOUGRO_8.0,1,0.7606535871497144,0.819379
HOUGRO_9.0,0,2.7480496234106866,2.264348
HOUGRO_10.0,0,1.1665337855436613,1.2183062
HOUGRO_11.0,2,0.27036565022784836,0.30649838
HOUGRO_12.0,0,0.31941270204351585,0.30484635
HOUGRO_13.0,0,0.43477825772779694,0.35393462
HOUGRO_55.0,0,0.21035727877152324,0.20623486
HOUGRO_65.0,0,0.24559731809000993,0.2631968
HOUGRO_75.0,0,0.9364645559020811,0.8322599
HOUGRO_85.0,0,3.9566389429372335,2.4069767
HOUGRO_95.0,1,2.0202580436141493,2.2601194
HOUGRO_105.0,0,1.261436807975067,1.0010111
HOUGRO_115.0,0,0.44048537746886757,0.54181427
HOUGRO_125.0,0,0.06219555327893609,0.18570323
HOUJQN_4.0,1,0.05644260600730246,0.10277768
HOUJQN_6.0,2,1.1447518300158395,1.6260325
HOUJQN_7.0,1,0.5919279873010093,1.165887
HOUJQN_8.0,2,0.9887671428851158,2.1041532
HOUJQN_9.0,3,3.583015266218355,6.422064
HOUJQN_10.0,2,0.5576810002545999,0.6489836
HOUJQN_11.0,1,0.751565498623636,0.8756079
HOUJQN_12.0,1,0.5399472384273265,1.4852644
HOUJQN_13.0,0,0.38119683746783856,0.46709332
HOUJQN_14.0,0,2.799639974872625,4.0149684
HOUJQN_35.0,0,0.0919511612028182,0.14675142
HOUJQN_45.0,0,0.15618015356359533,0.18101971
HOUJQN_55.0,1,0.1833922160131308,0.2259521
HOUJQN_65.0,0,0.21610597099166606,0.24711993
HOUJQN_75.0,0,1.007267066707553,0.4808173
HOUJQN_85.0,2,1.374231791934973,2.5805333
HOUJQN_95.0,1,1.7402288303487021,3.504337
HOUJQN_105.0,2,2.6919185327785775,5.4738393
HOUJQN_115.0,1,1.408013326639594,3.7343643
HOUJQN_125.0,2,0.5480439595352637,1.1150341
HXQR4L_5.0,0,0.26812742058623107,0.2711703
HXQR4L_6.0,0,0.32410106348131124,0.23325983
HXQR4L_7.0,0,0.3237101513944532,0.68559176
HXQR4L_8.0,1,0.282911270697536,0.816995
HXQR4L_9.0,2,3.7504780828749316,6.575232
HXQR4L_10.0,3,0.3474624342095056,0.8988031
HXQR4L_11.0,1,0.3945486055044822,0.93822986
HXQR4L_12.0,0,0.6252711907215497,0.9251308
HXQR4L_13.0,2,0.13664588878618764,0.38860318
HXQR4L_14.0,0,0.16750651971180164,0.21387352
HXQR4L_75.0,0,0.2849519110028774,0.50678974
HXQR4L_85.0,3,0.4113158510265298,0.7757343
HXQR4L_95.0,1,0.987916635916148,1.1314868
HXQR4L_105.0,2,1.1279676092208497,1.2633275
I1KDJ0_7.0,11,12.574803184149587,8.902252
I1KDJ0_8.0,31,22.50528043267735,22.558872
I1KDJ0_9.0,48,46.835301482195256,39.677498
I1KDJ0_10.0,57,51.7094682966119,46.2753
I1KDJ0_11.0,56,33.54580553314053,37.890007
I1KDJ0_12.0,40,31.522865436788404,30.415998
I1KDJ0_13.0,24,20.720472809469594,18.067434
I1KDJ0_75.0,14,7.384617012932046,7.563327
I1KDJ0_85.0,31,17.985851644811866,21.447054
I1KDJ0_95.0,37,42.1750095055711,33.966595
I1KDJ0_105.0,44,29.977377881302363,30.132364
I1X92B_4.0,0,0.22959870913112218,0.13824113
I1X92B_5.0,0,0.25093101299001785,0.29385108
I1X92B_6.0,0,0.4658537670150287,0.5487207
I1X92B_7.0,0,1.378068137285472,1.9293677
I1X92B_8.0,3,3.9314645135652078,4.369281
I1X92B_9.0,7,5.331741559221204,5.0122957
I1X92B_10.0,7,5.913294728106457,5.3411045
I1X92B_11.0,8,5.256199837787867,6.0050225
I1X92B_12.0,6,5.6053237177636195,6.171959
I1X92B_13.0,3,2.566085097707453,2.6058514
I1X92B_14.0,1,0.7264148368174578,0.8380134
I1X92B_45.0,0,0.10229224486365948,0.16129513
I1X92B_55.0,1,0.3968131332300521,0.4948158
I1X92B_65.0,0,0.5677976662788324,0.62680393
I1X92B_75.0,1,2.028211711813986,2.1509922
I1X92B_85.0,2,2.401661747941071,2.7989194
I1X92B_95.0,6,6.54939178509074,6.1504364
I1X92B_105.0,4,5.579915652453315,6.4719706
I1X92B_115.0,2,2.223997333913395,2.741576
I1X92B_125.0,1,0.40995302371767145,0.48155442
I2B1FH_5.0,0,0.16383538792009467,0.23107101
I2B1FH_6.0,0,0.18637674201249146,0.2737969
I2B1FH_7.0,0,0.5063877901335744,0.4831855
I2B1FH_8.0,0,1.5440565608568098,1.7847191
I2B1FH_9.0,0,3.7300656375734795,3.6709065
I2B1FH_10.0,0,2.7205062704550165,3.0897374
I2B1FH_11.0,0,3.7508654817118487,3.5933504
I2B1FH_12.0,0,0.2715359593306034,0.3535544
I2B1FH_13.0,0,0.7799819952898762,0.63737607
IA7X1P_7.0,5,9.335960844412845,8.099548
IA7X1P_8.0,15,12.798799350482495,15.3086405
IA7X1P_9.0,22,24.36124165117441,25.987015
IA7X1P_10.0,25,22.70640568081307,25.094744
IA7X1P_11.0,16,18.432960645912086,23.82113
IA7X1P_12.0,13,17.227885318221325,22.349073
IA7X1P_13.0,4,11.058403820883592,12.09802
IA7X1P_14.0,1,1.044930588976512,1.5570743
IA7X1P_75.0,3,5.316445087582877,6.0276074
IA7X1P_85.0,6,13.633568287987359,16.387838
IA7X1P_95.0,27,20.931886138846107,25.855366
IA7X1P_105.0,18,20.824980332825028,21.116768
IAKTYD_7.0,0,0.061409100958534475,0.09455197
IJBSQT_7.0,1,3.901604263520071,3.8724637
IJBSQT_8.0,1,3.7051780138619295,4.9089084
IJBSQT_9.0,4,6.179917669063049,7.0415235
IJBSQT_10.0,7,4.749108686260317,5.7785525
IJBSQT_11.0,5,4.779391502737484,4.8182774
IJBSQT_12.0,0,2.802463751035504,4.1438737
IJBSQT_13.0,0,0.7285556420601604,1.1771436
IJBSQT_14.0,0,4.024961064319102,5.294118
IJBSQT_75.0,0,2.8150453718142767,3.557236
IJBSQT_85.0,3,3.857680552909663,4.886702
IJBSQT_95.0,8,4.372282416403974,5.130045
IJBSQT_105.0,7,4.158009847249509,6.2440925
IPGA7X_5.0,0,0.15112579118891573,0.20782453
IPGA7X_6.0,0,0.0402905734012932,0.07056096
IPGA7X_7.0,0,0.049570579924894574,0.07311479
IPGA7X_8.0,1,0.6193472270376468,0.6748278
IPGA7X_9.0,2,1.0127557745334357,1.104289
IPGA7X_10.0,1,1.1297295003737686,1.1525023
IPGA7X_11.0,1,0.39112923622577045,0.38348612
IPGA7X_12.0,1,0.6015635088881607,0.9242883
IPGA7X_13.0,1,0.3634871261388637,0.5173238
IPGA7X_14.0,0,0.08913578225546177,0.25418165
IPGA7X_45.0,0,0.02606296631376178,0.0670273
IPGA7X_65.0,0,0.051213245989986216,0.0752262
IPGA7X_75.0,1,0.2642868675656761,0.31765774
IPGA7X_85.0,0,0.8884714463014939,1.0116442
IPGA7X_95.0,1,0.388363566069929,0.5826574
IPGA7X_105.0,0,0.4365394114204897,0.5127184
IPGA7X_115.0,0,0.261428702247993,0.48819837
IPGA7X_125.0,0,0.04036872375086607,0.13724098
IYLV38_9.0,0,0.10532906496148865,0.38175663
IYV9SV_5.0,0,0.15428820066370263,0.14911413
IYV9SV_6.0,0,0.1310556928167594,0.21969801
IYV9SV_7.0,0,0.4422986144103749,0.87000364
IYV9SV_8.0,0,1.5689967329225107,1.8851292
IYV9SV_9.0,1,5.839764433457617,5.8238883
IYV9SV_10.0,2,2.297902173437882,2.390159
IYV9SV_11.0,2,2.72529792948846,2.6768527
IYV9SV_12.0,0,2.267565854483211,2.3952732
IYV9SV_13.0,3,0.8985587208892977,1.1446766
IYV9SV_14.0,1,0.5993575370666714,0.6554753
IYV9SV_15.0,0,0.10767016558272102,0.14242728
IYV9SV_75.0,0,0.4072769710217803,0.56086195
IYV9SV_85.0,0,1.6971138946609121,1.5820222
IYV9SV_95.0,2,1.9511211536447162,2.036129
IYV9SV_105.0,3,2.5554526913584077,2.6951232
IYXV3Z_9.0,0,13.092788003372462,10.822934
J2URNJ_5.0,0,0.08611715820283791,0.18490426
J2URNJ_6.0,0,0.2794762928278483,0.26191097
J2URNJ_7.0,0,1.2830779300773067,1.0935462
J2URNJ_8.0,5,1.0186751930684432,1.0049659
J2URNJ_9.0,5,1.7150995093633976,1.7620485
J2URNJ_10.0,6,1.5174872239278314,1.2933369
J2URNJ_11.0,1,1.1540323258562786,1.0014968
J2URNJ_12.0,3,1.2838611538562155,1.4697205
J2URNJ_13.0,0,0.3560380150485273,0.35845104
J2URNJ_14.0,1,0.11213848621579688,0.16535215
J2URNJ_65.0,0,0.057862858956960854,0.090591505
J2URNJ_75.0,0,0.5125277873360128,0.43776798
J2URNJ_85.0,1,1.045039891709703,0.99128973
J2URNJ_95.0,4,2.1209343214869456,2.3743744
J2URNJ_105.0,8,0.9917672761788026,0.9857526
J2URNJ_115.0,1,0.24840592441629808,0.30769888
J3FI7N_5.0,0,0.20430048044054888,0.25867492
J3FI7N_6.0,0,0.8048374048925162,0.7166579
J3FI7N_7.0,2,2.6082138811658764,2.5669017
J3FI7N_8.0,3,3.571990016661451,4.3426375
J3FI7N_9.0,14,7.226432206943666,7.138862
J3FI7N_10.0,12,11.673052875863675,11.923805
J3FI7N_11.0,11,6.92997505320335,7.306288
J3FI7N_12.0,8,7.0728600711073675,7.215085
J3FI7N_13.0,3,4.9971732131052065,5.406875
J3FI7N_14.0,0,0.5999251020935795,0.48813272
J3FI7N_15.0,0,0.14381277614989488,0.22832002
J3FI7N_75.0,3,1.4645992932143952,1.3801352
J3FI7N_85.0,5,3.5035075082110225,3.6496334
J3FI7N_95.0,11,5.858733572282257,6.2852316
J3FI7N_105.0,10,7.976027483635758,7.1631207
JCIIEB_5.0,0,0.2339388308533876,0.19934987
JCIIEB_6.0,0,0.29227995604317014,0.29885268
JCIIEB_7.0,0,0.13455646282659348,0.34832564
JCIIEB_8.0,0,0.22525187208616662,0.46173808
JCIIEB_9.0,0,0.291960495615294,0.85768545
JCIIEB_65.0,0,0.0739850859138657,0.0909732
JCIIEB_95.0,0,0.20773735159778287,0.32380092
JCNON3_4.0,0,0.05691065796838173,0.10565663
JCNON3_6.0,0,0.14779032748378557,0.19029422
JCNON3_7.0,0,0.2535385862775357,0.32668522
JCNON3_8.0,1,1.4143142551544619,1.1322496
JCNON3_9.0,5,2.3647235019118646,2.3685102
JCNON3_10.0,1,2.815901671252024,2.3153703
JCNON3_11.0,2,1.7461323750312197,1.718077
JCNON3_12.0,0,0.427271333143992,0.40755332
JCNON3_13.0,0,0.2507508569032608,0.25949395
JCNON3_14.0,0,0.3107483151437552,0.37024948
JCNON3_75.0,0,1.0765062190794228,1.1284175
JCNON3_85.0,0,1.3699483164363646,1.3120686
JCNON3_95.0,1,1.9447315164749903,2.0788088
JCNON3_105.0,1,2.321930901254834,2.6742961
JCNON3_115.0,1,0.11085490272348632,0.12567613
JEGRCL_7.0,9,7.604492999049763,7.5418158
JEGRCL_8.0,21,18.623611895247315,20.208601
JEGRCL_9.0,35,28.714083853251065,24.776506
JEGRCL_10.0,39,21.67748659180514,20.763388
JEGRCL_11.0,24,16.771971923624534,19.717237
JEGRCL_12.0,20,15.822107079636105,16.078403
JEGRCL_13.0,16,7.682469813743928,7.1991453
JEGRCL_75.0,5,6.070654723937092,6.4657807
JEGRCL_85.0,14,12.662790068014646,13.801441
JEGRCL_95.0,24,17.542664596584064,18.925068
JEGRCL_105.0,22,18.257054262007994,20.040913
JGP0ID_9.0,0,0.11126816253629244,0.10931017
JHSQHS_5.0,0,0.4052168720677746,0.53471625
JHSQHS_6.0,0,1.3416796099269785,1.6381546
JHSQHS_7.0,0,0.49085864631227494,0.5939076
JHSQHS_8.0,0,0.6490105427989072,0.7592315
JHSQHS_9.0,0,1.0204885898562135,1.2848473
JHSQHS_10.0,1,0.7597591953447435,0.76179624
JHSQHS_11.0,0,0.129182769259053,0.18725349
JHSQHS_12.0,0,0.3282846439315466,0.27848285
JHSQHS_13.0,0,0.375099748038408,0.52515537
JHSQHS_65.0,0,0.6077784413102427,0.5798778
JHSQHS_75.0,0,0.7213570941547042,0.5811915
JHSQHS_85.0,0,1.202764708868949,2.1771953
JHSQHS_95.0,0,0.8660185956314107,0.85529155
JHSQHS_105.0,0,0.5808649565188205,0.47798216
JU0ODD_7.0,0,0.06872752820289742,0.08018136
JU0ODD_8.0,0,0.05885296851083473,0.08178968
JU0ODD_9.0,0,0.28344531310125975,0.39843988
JU0ODD_10.0,0,0.23888760575912912,0.2906394
JU0ODD_11.0,0,0.17197815551357246,0.27870402
JUUL5B_4.0,0,0.20797983635779874,0.21760534
JUUL5B_5.0,0,0.2291433408039425,0.164007
JUUL5B_6.0,1,0.1924554616112918,0.22551627
JUUL5B_7.0,1,0.14874448510976435,0.21661404
JUUL5B_8.0,0,1.2534353686747546,1.6126511
JUUL5B_9.0,2,1.2743760122753034,1.1035033
JUUL5B_10.0,1,1.696199305216483,2.6147723
JUUL5B_11.0,3,1.19932898553017,1.3344127
JUUL5B_12.0,0,0.6849245734778733,0.79091483
JUUL5B_14.0,0,0.38276708039850754,0.34893447
JUUL5B_65.0,0,0.04345774198158573,0.09047958
JUUL5B_75.0,0,0.9004034527432067,1.0442375
JUUL5B_85.0,0,1.4559753380684715,1.362287
JUUL5B_95.0,0,0.7604275438427771,0.82799774
JUUL5B_105.0,0,0.7656923445442972,0.75894386
JUUL5B_115.0,1,0.4001953746408832,0.5379029
JWTWL1_7.0,0,0.15108473548598117,0.12531397
JWTWL1_8.0,0,0.20211394531458995,0.17327102
JWTWL1_9.0,0,0.43454386462718914,0.46292284
JWTWL1_10.0,0,0.7732042975807801,0.69556224
JWTWL1_11.0,0,0.2240659289890721,0.21150732
JWTWL1_12.0,1,0.09602616147205895,0.16515559
K3YA1X_5.0,0,0.08963496328686346,0.18144584
K3YA1X_6.0,0,0.09769426377435789,0.19674554
K3YA1X_7.0,0,0.8983628121324063,0.8535495
K3YA1X_8.0,6,2.5115111574886733,1.9499598
K3YA1X_9.0,10,5.785586616132132,5.048214
K3YA1X_10.0,9,5.089038915102595,5.8512836
K3YA1X_11.0,6,3.802660356861314,4.098386
K3YA1X_12.0,2,1.5731586417947816,1.8683434
K3YA1X_13.0,1,0.6985273616531071,0.8368172
K3YA1X_65.0,0,0.13317726042298383,0.25218114
K3YA1X_75.0,0,1.367183862881665,1.8739021
K3YA1X_85.0,4,2.606698794289217,2.0080662
K3YA1X_95.0,5,6.2695726958790186,4.963882
K3YA1X_105.0,4,4.242951188604492,3.6979945
K3YA1X_115.0,3,0.4017980892641619,0.65343255
KTDZY0_4.0,2,1.0038006288153727,1.5837047
KTDZY0_5.0,5,3.1688648847049548,3.087646
KTDZY0_6.0,8,7.331986134167957,7.1627593
KTDZY0_7.0,8,10.92347303744184,11.004083
KTDZY0_8.0,22,25.896778511754658,23.16776
KTDZY0_9.0,28,37.212286692182246,32.139732
KTDZY0_10.0,30,30.281475440058596,24.695114
KTDZY0_11.0,32,28.722390744458977,27.397017
KTDZY0_12.0,24,18.82059990748452,19.302486
KTDZY0_13.0,16,8.251255772419139,9.7087345
KTDZY0_14.0,0,0.9581992116697654,0.8908416
KTDZY0_55.0,3,1.7592853368094366,2.0159872
KTDZY0_65.0,4,3.9774832915279346,4.5967946
KTDZY0_75.0,6,8.224134836900598,8.42816
KTDZY0_85.0,22,23.736183083820865,19.978327
KTDZY0_95.0,25,23.27983375201502,23.936148
KTDZY0_105.0,33,19.31677095983301,21.42964
KUFVRI_8.0,24,17.788064899628253,12.65814
KUFVRI_9.0,26,46.67348008650472,29.322021
KUFVRI_10.0,45,69.4030684721432,35.083843
KUFVRI_11.0,30,51.270073342564,35.65575
KUFVRI_12.0,25,62.11416200523982,40.64452
KUFVRI_13.0,20,7.012947727617176,9.779025
KUFVRI_85.0,14,15.859822673262306,14.764821
KUFVRI_95.0,35,49.75346248873823,26.262505
KUFVRI_105.0,45,68.38784522529923,43.41135
KZ5VR3_7.0,0,0.7304396434953528,0.9760441
KZ5VR3_8.0,1,1.7731228140171749,1.894642
KZ5VR3_9.0,2,2.9385293309615546,2.5667453
KZ5VR3_10.0,5,2.312543908556344,2.3272536
KZ5VR3_11.0,2,1.0468413690828595,1.1915916
KZ5VR3_12.0,3,1.0369119033913985,1.1953328
KZ5VR3_13.0,1,0.48911869993264195,0.42285356
KZ5VR3_14.0,0,0.46801388507952607,0.3695223
KZ5VR3_75.0,1,0.32586257888197834,0.49556637
KZ5VR3_85.0,2,0.8380399062723293,0.9226895
KZ5VR3_95.0,3,1.7737797821472465,2.0562234
KZ5VR3_105.0,3,1.5690362983646742,1.6285133
LXJQVG_5.0,1,1.017089075779092,1.0319405
LXJQVG_6.0,1,4.008347681143376,4.3611264
LXJQVG_7.0,5,8.504651065791622,8.652517
LXJQVG_8.0,0,8.263682408198356,9.039627
LXJQVG_9.0,9,16.068881035214662,21.112892
LXJQVG_10.0,43,20.288916635212594,22.597641
LXJQVG_11.0,38,14.972693282928974,17.327093
LXJQVG_12.0,18,13.271443595592267,12.895404
LXJQVG_13.0,11,7.95348729491414,7.1184535
LXJQVG_14.0,3,1.9668156399548256,2.178197
LXJQVG_15.0,2,0.26552860710063164,0.24710013
LXJQVG_16.0,2,0.059469226503327616,0.11415213
LXJQVG_65.0,2,2.1426223111837874,3.221693
LXJQVG_75.0,3,5.656734195240756,5.446
LXJQVG_85.0,6,6.755260930847182,8.866186
LXJQVG_95.0,20,16.383091676870126,21.811426
LXJQVG_105.0,17,18.076901518196156,18.055775
M67GNC_4.0,0,0.20427178383043323,0.5302773
M67GNC_5.0,0,0.23241480681650012,0.19608554
M67GNC_6.0,0,0.15743004974247968,0.29714808
M67GNC_7.0,1,1.6809744607110522,2.0257695
M67GNC_8.0,2,2.414349932191821,3.6345694
M67GNC_9.0,7,4.766855682933831,5.493408
M67GNC_10.0,4,3.7338108131796828,4.268174
M67GNC_11.0,1,6.3041624747987015,5.215788
M67GNC_12.0,2,1.2914773101025634,1.453108
M67GNC_13.0,2,0.49159308879033486,0.54955804
M67GNC_14.0,0,0.6444563113684177,0.43693697
M67GNC_75.0,0,1.0466975666033762,1.0968843
M67GNC_85.0,1,2.9612625934032484,2.9351683
M67GNC_95.0,3,2.1136289533751382,2.2781763
M67GNC_105.0,2,3.293043728752695,3.3860328
M67GNC_115.0,1,0.33208551944140524,0.3157217
M67GNC_125.0,1,0.14028298832563044,0.29372293
M8W7TS_6.0,1,0.22796909116074057,0.28024256
M8W7TS_7.0,1,0.32657699244835975,0.532677
M8W7TS_8.0,0,0.7806135518314823,0.78276944
M8W7TS_9.0,1,1.3474284904990121,1.4480977
M8W7TS_10.0,0,0.9241634736781711,1.0650271
M8W7TS_11.0,4,0.777531750555646,0.9351727
M8W7TS_12.0,2,0.7841067100805744,0.84458536
M8W7TS_13.0,1,0.11499310989535066,0.21410969
M8W7TS_75.0,0,0.8494716424858398,1.0953313
M8W7TS_85.0,1,0.766874189286637,0.82137966
M8W7TS_95.0,2,0.8481066979567476,0.95358336
M8W7TS_105.0,1,2.113284326830893,1.8527818
M8W7TS_115.0,0,0.47980935589270013,0.5124384
MLV9BR_6.0,0,0.11318227855496397,0.12994972
MLV9BR_7.0,0,0.05458060338265159,0.088984855
MLV9BR_8.0,0,0.46376505798105316,0.5712917
MLV9BR_9.0,0,0.46158373714012946,0.561642
MLV9BR_10.0,1,0.773786380998849,0.80104834
MLV9BR_11.0,1,0.4795523627787287,0.5582065
MLV9BR_12.0,1,0.6147611312028942,0.7176323
MLV9BR_13.0,0,0.5008949760260564,0.5740137
MLV9BR_55.0,1,0.14115275530341787,0.21759056
MLV9BR_65.0,0,0.2645862684467975,0.3399477
MLV9BR_75.0,0,0.04667272107613016,0.093908876
MLV9BR_85.0,0,0.5179510650259823,0.65137583
MLV9BR_95.0,3,0.6554552697245367,0.82774824
MLV9BR_105.0,1,0.5395193032709952,0.74402833
MLV9BR_115.0,0,0.03390165712634354,0.08199719
N6JU7C_4.0,0,0.07003964121309596,0.13293588
N6JU7C_5.0,0,0.3607927449035089,0.37266496
N6JU7C_6.0,1,0.7229597348547024,0.7225477
N6JU7C_7.0,2,5.127025481980417,4.609459
N6JU7C_8.0,1,6.298901513107247,6.194885
N6JU7C_9.0,2,5.991477214179785,5.183898
N6JU7C_10.0,1,1.4712060992001035,1.2886744
N6JU7C_11.0,0,1.4329392021110419,1.8487161
N6JU7C_65.0,0,3.733464131176168,5.3333735
N6JU7C_75.0,3,1.7640648000375212,1.925847
N6JU7C_85.0,4,2.1556704203856274,2.076524
N6JU7C_95.0,1,1.2414261116719076,1.1611993
NISP6K_5.0,0,0.08225299137390063,0.124426134
NISP6K_6.0,0,0.043839306878178254,0.08676366
NISP6K_7.0,0,0.8336122552171364,1.6769558
NISP6K_8.0,0,1.1076611955304345,2.1478007
NISP6K_9.0,0,2.253223745191284,5.4578547
NISP6K_10.0,0,0.4996605530501205,1.5405388
NISP6K_11.0,0,0.4981756928820042,1.395899
NISP6K_12.0,1,4.460959247236908,10.120359
NISP6K_13.0,0,1.5422910942936645,5.0488157
NISP6K_75.0,0,6.147137303302185,7.2574477
NISP6K_85.0,0,6.864939867573426,6.38327
NISP6K_95.0,0,1.8272142139217542,4.4292336
NISP6K_105.0,0,0.20231916740783068,0.5413509
NJVZEL_5.0,0,0.7794213423636301,1.1731915
NJVZEL_6.0,1,0.8045210239763951,0.7782107
NJVZEL_7.0,0,1.432996957667597,1.4169111
NJVZEL_8.0,3,2.96567037355914,3.1269405
NJVZEL_9.0,3,7.072923261816767,7.198754
NJVZEL_10.0,7,7.63124356874662,7.297839
NJVZEL_11.0,8,6.6301549308010355,6.6800203
NJVZEL_12.0,5,6.35885250190726,6.607454
NJVZEL_13.0,0,1.9803399708309002,2.423762
NJVZEL_14.0,0,0.17407055223403078,0.19621383
NJVZEL_15.0,0,0.5359732836543406,0.44516554
NJVZEL_75.0,1,1.0142609227906734,1.1147374
NJVZEL_85.0,3,2.977133118656038,3.249159
NJVZEL_95.0,6,8.160356279607464,8.194019
NJVZEL_105.0,2,6.401568839901877,6.2711587
NM6C73_7.0,1,4.693704990428543,5.5416546
NM6C73_8.0,3,1.628324497721831,2.6329052
NM6C73_9.0,4,12.197163638975136,12.145688
NM6C73_10.0,4,2.96246636222596,4.271172
NM6C73_11.0,4,3.115951339744137,4.561146
NM6C73_12.0,15,3.6704852603019513,7.6289973
NM6C73_13.0,3,1.9337581602948104,2.2942011
NM6C73_14.0,1,0.7204937479530874,1.0036062
NM6C73_75.0,1,1.7460769352199725,2.1123118
NM6C73_85.0,1,3.0758096456198545,3.338855
NM6C73_95.0,2,3.89295476047029,3.730614
NM6C73_105.0,3,3.784868676979524,3.7563047
O7AXAK_5.0,0,0.6357458754389466,0.49955732
O7AXAK_7.0,0,0.8069260989369738,0.8199492
O7AXAK_8.0,2,1.6559621956372428,2.3842332
O7AXAK_9.0,4,1.223705209107592,1.4394028
O7AXAK_10.0,10,2.2232635863264543,2.0575123
O7AXAK_11.0,8,2.5776965395882714,2.865815
O7AXAK_12.0,8,2.2264474778272954,2.2373126
O7AXAK_13.0,5,0.757080901321245,0.8611657
O7AXAK_14.0,2,0.7554792127491967,0.5140092
O7AXAK_15.0,0,0.09917698082068387,0.14555115
O7AXAK_16.0,2,0.05092319373454533,0.08829064
O7AXAK_65.0,0,1.2417302266255141,1.220436
O7AXAK_75.0,1,0.5525003828788787,0.2945385
O7AXAK_85.0,4,0.9134021607612564,0.83734167
O7AXAK_95.0,7,1.8400625941636832,1.8018897
O7AXAK_105.0,4,3.073325841470483,2.9465218
O7TSVL_4.0,1,0.1605295937123274,0.16198722
O7TSVL_5.0,0,0.5979818505027429,0.66494465
O7TSVL_6.0,1,1.5533025449900837,2.2266219
O7TSVL_7.0,3,2.1266570981709885,2.1992576
O7TSVL_8.0,2,1.4502207824842515,1.5288686
O7TSVL_9.0,3,1.2161306294472785,1.510351
O7TSVL_10.0,3,1.8036964491927838,2.4430535
O7TSVL_11.0,0,1.4492351747023378,1.8839936
O7TSVL_65.0,0,0.9554408416690888,0.9847061
O7TSVL_75.0,1,2.0484244022215448,2.1500547
O7TSVL_85.0,1,2.03684917734291,3.1261172
O7TSVL_95.0,2,3.5176383128282684,4.1814475
O9YFO8_4.0,0,0.1924666430049607,0.24617414
O9YFO8_5.0,1,1.7965892560166983,1.9262125
O9YFO8_6.0,3,2.740425515365112,2.9362795
O9YFO8_7.0,6,4.354322918907342,5.2174144
O9YFO8_8.0,9,8.060151964077798,7.9518514
O9YFO8_9.0,8,11.037385085964003,10.571876
O9YFO8_10.0,7,7.265307861611936,7.256915
O9YFO8_11.0,5,5.805963650775853,6.446883
O9YFO8_12.0,9,5.119162308183683,5.0984254
O9YFO8_13.0,0,1.8103387442370105,2.062468
O9YFO8_14.0,1,0.2984753541356644,0.29985985
O9YFO8_55.0,3,0.7864977206856388,0.85010433
O9YFO8_65.0,0,1.2710203513664462,1.5884333
O9YFO8_75.0,3,3.8127048092696394,4.239913
O9YFO8_85.0,4,6.05552817532502,6.2751174
O9YFO8_95.0,7,9.680622388187453,8.623287
O9YFO8_105.0,6,7.73652511009665,7.933021
O9YFO8_115.0,0,0.7952684514416181,0.92573196
ODZZLY_12.0,0,0.09815989010149788,0.1307659
PC1PMV_5.0,0,0.07478125309713891,0.07748922
PC1PMV_6.0,0,0.08454360571492667,0.09497691
PC1PMV_7.0,0,0.13151970401695823,0.15615694
PC1PMV_8.0,0,0.19210920258359443,0.29728827
PC1PMV_9.0,0,0.11792130248439345,0.20928241
PC1PMV_10.0,0,0.1569330589632653,0.2487813
PC1PMV_11.0,0,0.10554505688718528,0.16847949
PC1PMV_12.0,0,0.10124430169988585,0.1836662
PC1PMV_13.0,0,0.1169178356680033,0.17615734
PC1PMV_14.0,0,0.145682027850488,0.17615734
PC1PMV_75.0,0,0.15436996541801026,0.21819533
PC1PMV_85.0,0,0.1512489705924953,0.22932346
PC1PMV_95.0,0,0.1381318222744248,0.22270824
PC1PMV_105.0,0,0.14945253861796842,0.27229163
PP9DNA_5.0,0,0.5763742436000429,0.78442603
PP9DNA_6.0,0,0.6701797103428963,0.92061406
PP9DNA_7.0,1,0.7948962754511862,1.4500679
PP9DNA_8.0,0,1.0298767313971715,1.810715
PP9DNA_9.0,0,2.836729881896191,3.787815
PP9DNA_10.0,0,2.535337495160958,3.3974977
PP9DNA_11.0,2,2.567553546404377,2.7603004
PP9DNA_12.0,2,3.8481460288378857,4.223086
PP9DNA_13.0,1,1.0307270041211865,1.0908859
PP9DNA_14.0,0,0.09052059954995088,0.09265332
PP9DNA_15.0,0,0.04353122068402293,0.06878246
PP9DNA_16.0,0,0.07450342394910638,0.092786
PP9DNA_65.0,0,0.3295966010439278,0.4551548
PP9DNA_75.0,0,1.1938851422876753,1.5003092
PP9DNA_85.0,0,1.8313429520217221,2.0574064
PP9DNA_95.0,1,2.478445092940015,3.386761
PP9DNA_105.0,3,2.521666281221194,3.1958625
PY5UPB_220.0,0,0.13830855846229276,0.2707435
PY5UPB_225.0,0,0.7873777785681386,1.0494491
PY5UPB_230.0,0,0.4796892403435501,1.0436319
PY5UPB_235.0,0,0.19595454207451524,1.0001585
PY5UPB_240.0,0,0.5713738262565028,1.0003326
PY5UPB_245.0,0,0.40261917057089314,1.1356679
PY5UPB_250.0,0,0.5505578792371268,1.485209
PY5UPB_255.0,0,0.5128624795049569,1.4159688
PY5UPB_260.0,0,0.2682443893439669,0.5040735
PY5UPB_265.0,0,0.21224740407306245,0.5225517
PY5UPB_270.0,0,0.3040375697799398,0.9911156
PY5UPB_275.0,0,0.19691353209511622,0.811259
PY5UPB_280.0,0,1.0527031125225506,1.3595082
PY5UPB_285.0,0,0.6394538506298262,0.87567055
PY5UPB_290.0,0,0.1714255997024217,0.20821135
PZUF7K_5.0,0,0.07293909944449897,0.1710237
PZUF7K_8.0,0,0.7451726565153081,0.71180993
PZUF7K_9.0,0,0.849083132321854,0.78965205
PZUF7K_10.0,0,0.4954007271657389,0.44398206
PZUF7K_11.0,1,0.3357463798077944,0.36511302
PZUF7K_12.0,0,0.15902367971457898,0.2017055
PZUF7K_13.0,0,0.3106006100559155,0.2842016
PZUF7K_14.0,1,0.03815354095014125,0.09749771
PZUF7K_75.0,0,0.08826174260621428,0.13730012
PZUF7K_85.0,0,0.5147944119116415,0.26265642
PZUF7K_95.0,0,0.8311131487304421,0.6098069
PZUF7K_105.0,0,0.557992384679976,0.5479852
PZUF7K_115.0,0,0.04590744225259375,0.13059466
Q164T6_7.0,2,1.6734475802176094,1.9434928
Q164T6_8.0,2,1.9275049256844412,2.07724
Q164T6_9.0,1,5.115754791848622,4.7205863
Q164T6_10.0,1,1.5194888404266405,1.9768219
Q164T6_11.0,3,3.088395221093126,2.9327419
Q164T6_12.0,6,2.405173352302017,3.405682
Q164T6_13.0,2,0.5046609381467243,0.61089003
Q164T6_14.0,1,0.12680850746246544,0.2631814
Q164T6_75.0,0,0.24892973004764726,0.27224857
Q164T6_85.0,4,1.955587120000105,2.3535113
Q164T6_95.0,1,3.355989197428084,3.1668904
Q164T6_105.0,0,1.862006374022708,1.8203714
Q50W5L_5.0,1,0.18822169464037683,0.37900516
Q50W5L_6.0,2,0.9495337442056462,1.0852274
Q50W5L_7.0,10,2.0341931770181034,2.0693011
Q50W5L_8.0,20,3.557421450117708,4.2874165
Q50W5L_9.0,28,9.985855048461934,10.364394
Q50W5L_10.0,27,6.2147215051770255,7.8782573
Q50W5L_11.0,26,9.20934117573468,8.892319
Q50W5L_12.0,23,4.551937968321974,8.090205
Q50W5L_13.0,11,3.079656029437835,4.986766
Q50W5L_14.0,6,1.1239956103549025,1.2550203
Q50W5L_15.0,0,0.33889344819908607,0.41426203
Q50W5L_16.0,0,0.03322754736443204,0.07991573
Q50W5L_65.0,0,0.17368163169024908,0.30432898
Q50W5L_75.0,3,0.6781440091963575,0.7870426
Q50W5L_85.0,14,4.468333427095669,4.395397
Q50W5L_95.0,23,10.420637063280019,11.723871
Q50W5L_105.0,25,8.265009445860219,11.072496
QM2UH1_7.0,0,0.3843037612882816,0.47410432
QM2UH1_9.0,1,0.3718594317810546,0.30489632
QM2UH1_11.0,1,0.2899454349865828,0.34085196
QM2UH1_13.0,0,0.19419373620998812,0.301773
QM2UH1_14.0,0,0.04648612450088547,0.08944449
QM2UH1_75.0,0,0.04833802332045041,0.08376735
QM2UH1_85.0,0,0.3230828984440056,0.44429517
QOMHJ2_85.0,0,0.14334436757349964,0.24396259
QOMHJ2_95.0,0,0.047264871225348636,0.09269625
QOMHJ2_115.0,0,0.0647417349181446,0.06575708
QOMHJ2_125.0,0,0.03524989118632682,0.07542175
QP56BU_5.0,0,0.2090625566841987,0.1423891
QP56BU_7.0,0,0.0951684734894897,0.14576316
QP56BU_8.0,0,0.42496885728484085,0.72980124
QP56BU_9.0,0,0.9341800363342925,0.9845945
QP56BU_10.0,0,0.8907963419475141,1.0587131
QP56BU_11.0,2,1.1460704936108095,1.2128214
QP56BU_12.0,1,0.6768785378136569,1.1476512
QP56BU_13.0,0,0.46972088594069406,0.5437388
QP56BU_14.0,0,0.0589650610518276,0.08527683
QP56BU_15.0,0,0.06930316003262471,0.13055898
QP56BU_65.0,0,0.1421355235301953,0.21399094
QP56BU_75.0,0,0.08907780645528694,0.096113585
QP56BU_85.0,0,0.45277495892020986,0.63279086
QP56BU_95.0,1,1.216065154294319,1.1906633
QP56BU_105.0,4,1.5913694728197196,1.7000103
QTMT7N_4.0,1,0.09585747069460493,0.165809
QTMT7N_5.0,1,0.2898447183225051,0.32938457
QTMT7N_6.0,1,1.0499729669772824,0.98136467
QTMT7N_7.0,2,2.803293983078332,3.068658
QTMT7N_8.0,6,4.839541866656575,5.162297
QTMT7N_9.0,3,2.004174678574979,2.1370559
QTMT7N_10.0,8,1.0313301578262646,1.491901
QTMT7N_11.0,0,0.5757470429393319,0.90964943
QTMT7N_65.0,3,1.3762226191647642,1.4106889
QTMT7N_75.0,3,2.2502891711790256,2.2381988
QTMT7N_85.0,7,3.6769126983455114,3.7608604
QTMT7N_95.0,2,1.1468558770656014,1.1757244
QVFB0Q_5.0,1,0.5284148200930193,1.0373042
QVFB0Q_6.0,0,1.1430112064491733,1.492611
QVFB0Q_7.0,2,3.38630759527127,2.961792
QVFB0Q_8.0,4,5.772261376886288,6.2071075
QVFB0Q_9.0,8,8.387868921822943,8.411857
QVFB0Q_10.0,13,7.294782294753054,7.471505
QVFB0Q_11.0,7,7.074725717763345,7.371855
QVFB0Q_12.0,7,5.212712714299751,5.432706
QVFB0Q_13.0,1,2.8513865128321303,2.7824318
QVFB0Q_14.0,1,0.6199791193251067,0.4130089
QVFB0Q_15.0,0,0.12295828067085299,0.16146468
QVFB0Q_75.0,1,1.9230933144757736,2.075975
QVFB0Q_85.0,3,4.857432867377729,5.3212037
QVFB0Q_95.0,6,7.158506805833271,6.956487
QVFB0Q_105.0,8,6.581185882616851,7.0163107
QXS5D1_5.0,0,0.2500307179064882,0.27069792
QXS5D1_6.0,0,1.037796871521049,1.0507569
QXS5D1_7.0,1,1.0566335371957591,1.2481841
QXS5D1_8.0,4,0.9891634956368052,1.2545443
QXS5D1_9.0,4,0.3057214190965988,0.38200408
QXS5D1_10.0,1,1.6762335611309351,1.8390865
QXS5D1_55.0,0,0.31290306631927456,0.44446865
QXS5D1_65.0,5,0.42638407690058894,0.41296604
QXS5D1_75.0,0,0.6955660965971336,0.7784312
QXS5D1_85.0,0,0.40371202146347235,0.5552743
QXS5D1_95.0,2,0.6155941392535866,0.877688
QXS5D1_105.0,0,0.17363039582283155,0.24803124
QXS5D1_115.0,0,0.0801427127697678,0.11422599
RAUDQ6_5.0,0,0.678907614258089,0.6782831
RAUDQ6_6.0,0,1.5790088353555116,2.0391648
RAUDQ6_7.0,3,2.5352440901833595,2.8382807
RAUDQ6_8.0,2,5.899382210153089,6.1924615
RAUDQ6_9.0,16,10.23296551766289,10.280801
RAUDQ6_10.0,17,16.195826683155158,16.747488
RAUDQ6_11.0,18,10.619192223290623,12.325427
RAUDQ6_12.0,11,7.037531559212618,7.6275187
RAUDQ6_13.0,4,4.464058491077434,4.8969674
RAUDQ6_14.0,0,1.4170163363391926,1.4666421
RAUDQ6_15.0,0,0.5784909735055609,0.31992698
RAUDQ6_75.0,2,1.6392089041761744,1.3720968
RAUDQ6_85.0,3,5.4997252606618385,5.4822655
RAUDQ6_95.0,16,11.665305231083142,13.15381
RAUDQ6_105.0,15,10.3964063786804,11.740007
RBKNR4_5.0,0,0.033033059013053784,0.07155429
RBKNR4_8.0,1,0.18272111860060783,0.15311001
RBKNR4_9.0,1,0.4674403381780574,0.52183306
RBKNR4_10.0,1,0.907538077578162,0.78128225
RBKNR4_11.0,2,0.3475377922730592,0.3455227
RBKNR4_13.0,0,0.20334323723243378,0.23758128
RBKNR4_85.0,1,0.28528380814616444,0.34196702
RBKNR4_95.0,1,0.024352553713675992,0.08066567
RN2DSQ_8.0,0,0.05725873192860253,0.10862187
RN2DSQ_12.0,0,0.098904516533282,0.19675986
RN2DSQ_105.0,0,0.2525226923128622,0.2541272
RUUOCB_5.0,0,0.041826904711410186,0.095315
RUUOCB_6.0,2,0.23486251760869886,0.22357145
RUUOCB_7.0,2,1.0879309399415957,1.1504298
RUUOCB_8.0,1,1.7869010584120595,2.0275993
RUUOCB_9.0,4,1.9504847641523235,2.4479742
RUUOCB_10.0,1,2.304552822090263,2.4393067
RUUOCB_11.0,2,1.678566980797609,1.9649851
RUUOCB_12.0,3,1.4758128061953124,1.7504902
RUUOCB_13.0,5,0.6199224185121135,0.594144
RUUOCB_14.0,0,0.2700158503828294,0.28873846
RUUOCB_15.0,1,0.40783445163736803,0.39227417
RUUOCB_16.0,0,0.23908514841646425,0.28391746
RUUOCB_65.0,1,0.11899673494482468,0.09726428
RUUOCB_75.0,0,0.9558797639591462,1.1987095
RUUOCB_85.0,0,2.925958444121293,3.029281
RUUOCB_95.0,3,1.2078994600996462,1.7513726
RUUOCB_105.0,8,0.831539110869335,1.5685452
S90CD9_5.0,0,0.17343785684176358,0.26841018
S90CD9_6.0,0,0.1472680931025361,0.12466336
S90CD9_7.0,1,1.2928385090760306,1.2386495
S90CD9_8.0,0,3.2282901325558484,3.3440552
S90CD9_9.0,0,4.483089195941064,5.4987903
S90CD9_10.0,0,5.657741118771758,5.618412
S90CD9_11.0,0,2.9064109029846286,3.467717
S90CD9_12.0,0,3.2074391363864616,3.2739255
S90CD9_13.0,0,1.4772674133415706,1.4788661
S90CD9_14.0,0,0.07432633401135061,0.10537538
S90CD9_16.0,0,0.07337388050805697,0.1652937
S90CD9_65.0,1,0.13651606866491298,0.15240471
S90CD9_75.0,1,0.9621486641249246,0.8068518
S90CD9_85.0,0,1.7824351709897754,2.1578357
S90CD9_95.0,0,2.6551121095282793,3.3687963
S90CD9_105.0,0,4.089706453379259,4.8948035
SMMRK3_5.0,3,0.8620804621477344,1.5487325
SMMRK3_6.0,4,3.714472012506633,3.4892538
SMMRK3_7.0,10,7.573526189633953,9.078779
SMMRK3_8.0,36,22.994280216468184,24.048418
SMMRK3_9.0,68,62.03615695010253,54.944355
SMMRK3_10.0,90,63.21718623413402,53.900524
SMMRK3_11.0,78,60.810993336344445,56.895073
SMMRK3_12.0,67,63.61518077513139,44.957676
SMMRK3_13.0,38,31.83960596297768,30.312359
SMMRK3_14.0,2,3.0215974332783015,3.9782321
SMMRK3_15.0,3,2.130766563041947,2.87677
SMMRK3_75.0,5,7.51369530826244,7.9262133
SMMRK3_85.0,29,36.13645374360382,40.50916
SMMRK3_95.0,58,22.247384127275502,29.993422
SMMRK3_105.0,62,56.463860856546546,60.13144
SSQFQA_5.0,0,0.07331550714657006,0.078355394
SSQFQA_6.0,0,0.17045169244725916,0.23644927
SSQFQA_7.0,0,0.12061335337912853,0.1505789
SSQFQA_8.0,3,1.0765522208483749,1.115096
SSQFQA_9.0,7,2.5933422467708858,2.8558943
SSQFQA_10.0,4,1.9931773550893461,2.3387823
SSQFQA_11.0,4,2.684494743516199,2.9158623
SSQFQA_12.0,3,1.4258948257289397,1.3460927
SSQFQA_13.0,2,0.4207012030319904,0.5822321
SSQFQA_55.0,0,0.24846613604382523,0.33477035
SSQFQA_65.0,0,0.2037345164227234,0.19636072
SSQFQA_75.0,0,0.586131164095023,0.45421603
SSQFQA_85.0,4,0.9437494697352341,0.8894866
SSQFQA_95.0,5,1.1322196623591694,1.3775388
SSQFQA_105.0,2,2.8563078806273445,3.3861923
SVJZKL_7.0,0,0.23259276313049868,0.19925936
SVJZKL_9.0,0,0.3595984382437522,0.19372804
SVJZKL_10.0,0,0.4159509148601494,0.21775146
SVJZKL_12.0,0,0.10065093657588212,0.1352617
SVJZKL_13.0,0,0.14532858377080285,0.17667206
SWN7AU_7.0,1,0.5475245460223728,0.7581043
SWN7AU_8.0,2,1.8760614518407337,2.0340936
SWN7AU_9.0,4,2.667212371596115,2.8612897
SWN7AU_10.0,4,2.621624081605876,2.8523004
SWN7AU_11.0,5,3.434663243352375,3.4179688
SWN7AU_12.0,0,2.549793354091559,2.854674
SWN7AU_13.0,1,0.8601164704750395,0.82935625
SWN7AU_75.0,0,0.6523176228105716,0.39178923
SWN7AU_85.0,1,1.6461459244594139,2.592719
SWN7AU_95.0,3,3.1408676609466717,3.1321027
SWN7AU_105.0,3,2.0082821914368405,3.4943604
SY1DDY_7.0,0,0.21396904183700283,0.19433838
SY1DDY_8.0,0,0.15783204257307593,0.26276103
SY1DDY_9.0,0,1.2423358769592017,0.99005324
SY1DDY_10.0,4,0.9097888070270146,0.9542323
SY1DDY_11.0,0,0.7487376194252521,0.8587468
SY1DDY_12.0,2,0.1703242140595092,0.2343966
SY1DDY_13.0,0,0.14921740587445326,0.2123832
SY1DDY_14.0,0,0.14068488248859254,0.15112716
SY1DDY_15.0,0,0.1377165868476101,0.15112716
SY1DDY_16.0,0,0.1149621100517752,0.123159856
SY1DDY_75.0,0,0.26254938506762077,0.22969188
SY1DDY_85.0,0,0.5854214298929097,0.4601136
SY1DDY_95.0,2,0.8037225571583112,0.5761527
SY1DDY_105.0,0,0.906112053379365,0.8395671
T3NVTG_5.0,1,0.3341636773967484,0.34281045
T3NVTG_6.0,0,0.3528442404464993,0.3013955
T3NVTG_7.0,0,0.8500719899325667,0.829356
T3NVTG_8.0,1,1.1609024479267944,1.3661072
T3NVTG_9.0,4,1.5335878082280308,1.6714674
T3NVTG_10.0,2,1.0976732804223013,2.2239776
T3NVTG_11.0,2,2.0806032335973637,3.010688
T3NVTG_12.0,2,0.7531359427569825,0.54106915
T3NVTG_13.0,0,0.20985494704595437,0.26207608
T3NVTG_14.0,0,0.09192669864915788,0.18557012
T3NVTG_65.0,0,0.21500167298446538,0.3269317
T3NVTG_75.0,0,1.178658710338016,1.1411823
T3NVTG_85.0,4,1.4018161057829348,1.379251
T3NVTG_95.0,1,3.9988293512034074,3.75375
T3NVTG_105.0,5,4.92625175015943,3.875306
T3NVTG_115.0,0,0.3637661226281757,0.32057583
T3NVTG_125.0,0,0.03228044335654864,0.104341656
TAHFOD_6.0,0,0.34086578898453923,0.34548408
TAHFOD_8.0,1,0.4657875696686663,0.54719925
TAHFOD_9.0,2,0.9098438959734824,1.6228292
TAHFOD_10.0,0,1.1908504666584028,1.1586244
TAHFOD_11.0,1,1.012482259231674,0.8914709
TAHFOD_12.0,0,0.041174128560928704,0.10724828
TAHFOD_13.0,0,0.0755967781438107,0.11310517
TAHFOD_65.0,0,0.14002033926842364,0.222044
TAHFOD_85.0,1,0.7578330862186882,0.7344336
TAHFOD_95.0,1,0.9538006739367559,0.9135871
TAHFOD_105.0,1,0.5554506133283387,0.52957624
TB6WIP_4.0,1,0.24826870305818868,0.33409235
TB6WIP_5.0,0,0.7871090061335745,1.4410875
TB6WIP_6.0,0,1.19423003087356,1.8738692
TB6WIP_7.0,1,1.6388551601825634,1.7631387
TB6WIP_8.0,5,2.6586814599577413,2.8754432
TB6WIP_9.0,1,7.051082187405629,6.6337442
TB6WIP_10.0,4,7.12720405518936,7.146971
TB6WIP_11.0,8,7.139633921917036,7.621569
TB6WIP_12.0,4,4.871749372770854,4.5192747
TB6WIP_13.0,2,3.0394379528652755,2.7894242
TB6WIP_14.0,0,0.5819425275218686,0.46576893
TB6WIP_55.0,0,0.27572927920408663,0.2897456
TB6WIP_65.0,0,0.08495428138326054,0.10267316
TB6WIP_75.0,2,0.9390430611875328,0.6827477
TB6WIP_85.0,1,2.8450526939313447,3.0838122
TB6WIP_95.0,4,5.066127729109902,5.702429
TB6WIP_105.0,7,7.765956591412437,6.9491816
TB6WIP_115.0,0,0.5933557305558159,0.7796063
TBCCF7_5.0,0,0.4176500211246524,0.6989465
TBCCF7_6.0,5,3.5367609549664927,3.107335
TBCCF7_7.0,5,5.09908150411632,4.6615906
TBCCF7_8.0,4,7.598627769841262,8.037656
TBCCF7_9.0,23,13.33941000486438,13.291146
TBCCF7_10.0,16,15.093198170230421,16.086832
TBCCF7_11.0,10,15.74047710881885,17.786304
TBCCF7_12.0,13,12.49076011270836,13.166878
TBCCF7_13.0,3,6.330490434962128,6.7296762
TBCCF7_14.0,0,0.47705084434144485,0.6184676
TBCCF7_15.0,0,0.4623448733696718,0.5949213
TBCCF7_75.0,1,2.1328879965943686,2.0582602
TBCCF7_85.0,4,5.310720817579159,6.658217
TBCCF7_95.0,11,9.084515251705467,12.035997
TBCCF7_105.0,14,12.900450564403192,16.089468
TLFT43_8.0,0,0.1712341661363215,0.16420235
TLFT43_9.0,0,0.06132858065443461,0.09140676
TNAHD4_7.0,11,8.050804912379132,8.857786
TNAHD4_8.0,19,14.43944454291197,16.288334
TNAHD4_9.0,29,24.244348225124387,25.564459
TNAHD4_10.0,31,27.375350264495403,28.004816
TNAHD4_11.0,25,18.810701039803877,20.380384
TNAHD4_12.0,18,17.114462505222367,19.732315
TNAHD4_13.0,9,7.506636709199359,8.349155
TNAHD4_75.0,8,6.870848129478774,6.782682
TNAHD4_85.0,20,15.380257182075209,16.106678
TNAHD4_95.0,20,19.18300717167093,21.084898
TNAHD4_105.0,22,17.322672936098048,20.32208
TNZ1OO_6.0,0,0.09523955601987719,0.13598393
TNZ1OO_7.0,0,0.3991229778044775,0.47318086
TNZ1OO_8.0,0,0.5608602291245262,0.5746796
TNZ1OO_9.0,2,0.982467055417337,1.1014525
TNZ1OO_10.0,1,2.310788309158684,2.7661839
TNZ1OO_11.0,3,1.4173372576308405,1.7520175
TNZ1OO_12.0,1,0.6084681694397563,0.7444136
TNZ1OO_13.0,2,0.33074563396077084,0.25400898
TNZ1OO_75.0,0,0.28749903616127465,0.35095713
TNZ1OO_85.0,1,0.876666725979889,0.7130642
TNZ1OO_95.0,0,0.7063987715518403,0.6701559
TNZ1OO_105.0,1,0.9943847960610996,0.8797566
TOENMT_5.0,0,0.40084455658107804,0.95389026
TOENMT_6.0,1,0.7126149762488028,1.4559904
TOENMT_8.0,0,0.16279508875889503,0.20944569
TOENMT_9.0,1,0.40585987133794904,0.40649134
TOENMT_10.0,0,0.284438904852971,0.3063441
TOENMT_11.0,0,0.2068182425684107,0.24307793
TOENMT_12.0,0,0.18789919542494915,0.21330309
TOENMT_85.0,0,0.33641676663770764,0.31305164
TOENMT_95.0,0,0.1777442548815131,0.17518477
TOENMT_105.0,1,0.21419976131585922,0.28039345
TQBVRI_7.0,0,0.08780601711935106,0.16553693
TQBVRI_8.0,0,0.08086384405281268,0.09591242
TQBVRI_9.0,1,0.0682100406769531,0.11574667
TQBVRI_10.0,1,0.10905953123053293,0.10246637
TQBVRI_11.0,0,0.29549294954767696,0.20672257
TQBVRI_12.0,0,0.319492418653635,0.310428
TQBVRI_95.0,0,0.024352553713675992,0.08066567
TQBVRI_105.0,0,0.019787888030193775,0.078223
U8203G_4.0,0,0.0403356354955817,0.07700889
U8203G_5.0,0,0.6278748321901096,0.41601855
U8203G_6.0,0,0.16322332487162522,0.25698176
U8203G_7.0,0,1.060876144483734,0.9925554
U8203G_8.0,3,1.952341137657244,1.9925606
U8203G_9.0,6,2.987677300458834,2.9084995
U8203G_10.0,4,1.7675166590759959,1.9377785
U8203G_11.0,5,2.871189810381886,3.0973818
U8203G_12.0,2,0.9556266645532441,1.0800276
U8203G_13.0,6,0.4497768259258322,0.3894714
U8203G_45.0,0,0.09482756977290267,0.11116964
U8203G_55.0,0,0.22057519520787688,0.26890737
U8203G_65.0,0,0.7149780763632027,0.46031725
U8203G_75.0,0,0.6531921465493082,0.57467896
U8203G_85.0,4,1.377130404010399,1.497561
U8203G_95.0,6,5.093934544494358,5.134941
U8203G_105.0,5,2.243999495444693,2.3917377
U8203G_115.0,1,0.1890225352832144,0.20806397
U95NWB_5.0,1,2.2682011170025573,2.241883
U95NWB_6.0,8,4.388362951994828,4.069132
U95NWB_7.0,3,6.434420790846699,7.430076
U95NWB_8.0,17,12.447059697411412,12.243166
U95NWB_9.0,24,16.22287695865076,19.789104
U95NWB_10.0,20,17.517419611262103,19.714901
U95NWB_11.0,16,14.938316229003258,17.002583
U95NWB_12.0,11,30.96647090676877,27.81962
U95NWB_13.0,7,6.993928689278548,7.1876674
U95NWB_14.0,2,1.0958889823785891,1.2440594
U95NWB_15.0,0,0.5289931299241958,0.34176928
U95NWB_75.0,5,4.715127425080074,5.308514
U95NWB_85.0,13,12.449721959262614,12.397164
U95NWB_95.0,16,15.73796986549481,15.964132
U95NWB_105.0,18,12.76663122381927,14.928168
UCRNWD_8.0,0,0.11041403280328478,0.21909696
UCRNWD_9.0,0,0.09033114527347277,0.11832663
UCRNWD_10.0,0,0.24493779178533642,0.2597904
UCRNWD_11.0,1,0.6624171847079184,0.7768249
UCRNWD_12.0,0,0.45097048641712356,0.54219514
UCRNWD_13.0,0,0.36355008289654106,0.4615002
UCRNWD_14.0,0,0.07886181550448505,0.16822746
UCRNWD_65.0,0,0.10486540302362378,0.17112091
UCRNWD_75.0,1,0.06316630656241194,0.1858928
UCRNWD_85.0,0,0.1851996880851038,0.23632663
UCRNWD_95.0,1,0.5128196856295992,0.70485556
UCRNWD_105.0,0,0.29193413072812296,0.37543884
UCRNWD_115.0,0,0.0931675013033793,0.17619911
UCRNWD_125.0,0,0.08514316484689707,0.21071516
UDF17E_5.0,0,0.21382723387650973,0.23176879
UDF17E_6.0,0,0.2310909232828913,0.24958293
UDF17E_7.0,1,0.8774704642654934,0.6727268
UDF17E_8.0,1,0.2860879377729302,0.4675352
UDF17E_9.0,4,1.399848437121658,2.209583
UDF17E_10.0,1,1.1465890576915745,1.1777121
UDF17E_65.0,0,0.20751480112060816,0.34589076
UDF17E_75.0,0,0.37097358073057046,0.46675408
UDF17E_85.0,0,0.41788641310157815,0.52255327
UDF17E_95.0,1,0.5440448078909226,0.6067097
UHYJ3A_5.0,4,0.7743147200108024,0.8123284
UHYJ3A_6.0,3,1.1409581780117168,1.3447148
UHYJ3A_7.0,4,2.4457759267529386,2.3251045
UHYJ3A_8.0,8,4.515217620562398,5.065091
UHYJ3A_9.0,12,8.088791115189371,8.055126
UHYJ3A_10.0,14,7.80409042406594,8.428134
UHYJ3A_11.0,12,7.973122716895831,8.131274
UHYJ3A_12.0,6,4.510125786729714,4.930736
UHYJ3A_13.0,4,3.346164728639386,11.951664
UHYJ3A_14.0,1,0.17838700719037864,0.1779185
UHYJ3A_55.0,0,0.30092939741884883,0.36474842
UHYJ3A_65.0,0,0.788616804686086,0.5645597
UHYJ3A_75.0,0,1.5219297077899223,1.377754
UHYJ3A_85.0,10,3.716863302860417,4.0306687
UHYJ3A_95.0,19,7.944138439276532,7.314122
UHYJ3A_105.0,10,5.107608222181711,4.819334
ULG3QT_4.0,0,0.04838592369940764,0.057529904
ULG3QT_5.0,0,0.2065635150274372,0.8225118
ULG3QT_6.0,2,0.583075571083844,0.5848979
ULG3QT_7.0,1,1.9880610996317127,2.190965
ULG3QT_8.0,9,4.830438583052513,4.4558296
ULG3QT_9.0,4,1.6543703352863173,1.8221545
ULG3QT_10.0,1,1.4705930571836043,1.7930968
ULG3QT_11.0,0,0.19521279097840916,0.3723796
ULG3QT_65.0,1,0.45620851986604655,0.34402266
ULG3QT_75.0,11,1.2123046359897494,1.3528584
ULG3QT_85.0,4,1.561697131853866,1.7405745
ULG3QT_95.0,0,2.197880715103527,2.144718
UNPPMJ_4.0,0,0.11390056029115503,0.13102287
UNPPMJ_5.0,0,1.2354143601845005,1.3573897
UNPPMJ_6.0,2,5.0969136762060145,5.7452717
UNPPMJ_7.0,15,11.66621979214095,10.630187
UNPPMJ_8.0,16,13.982825630087982,15.110916
UNPPMJ_9.0,13,19.02855748209937,19.503798
UNPPMJ_10.0,2,10.452728238127376,13.502096
UNPPMJ_11.0,0,0.48344366364762187,0.6280411
UNPPMJ_65.0,2,2.216912950735513,2.713033
UNPPMJ_75.0,2,22.808602507514195,23.194572
UNPPMJ_85.0,7,13.033329437492522,15.290759
UNPPMJ_95.0,1,2.994082908503399,3.3257735
UU4A1K_4.0,0,0.15039700774884157,0.23367031
UU4A1K_5.0,0,0.09024731739679512,0.14719337
UU4A1K_7.0,0,0.32744482072918124,0.34175217
UU4A1K_8.0,3,0.4734224470572851,0.46073818
UU4A1K_9.0,2,1.039961624276797,1.1458033
UU4A1K_10.0,2,0.7611739288019482,1.2839864
UU4A1K_11.0,1,1.2471403686980234,1.7923268
UU4A1K_12.0,0,0.20384906041214415,0.25647885
UU4A1K_13.0,0,0.3505395209427454,0.32021916
UU4A1K_75.0,0,0.4143912837604825,0.30480883
UU4A1K_85.0,0,0.5478136394678232,0.49988213
UU4A1K_95.0,1,0.749515618027336,0.7675437
UU4A1K_105.0,2,0.7255630885036748,0.6834288
V6K6JX_4.0,0,0.08243716338584789,0.13558604
V6K6JX_5.0,0,0.9056439700403541,0.2055252
V6K6JX_6.0,1,0.22564392070224693,0.34421703
V6K6JX_7.0,0,0.6675914430699886,0.5792406
V6K6JX_8.0,0,1.9040903350090406,1.7150868
V6K6JX_9.0,4,3.2846567612971693,3.3411295
V6K6JX_10.0,1,3.553153498807241,3.3850682
V6K6JX_11.0,4,2.483059244364594,2.6337814
V6K6JX_12.0,4,2.346525239135364,2.748315
V6K6JX_13.0,2,2.3151871471856516,2.3787918
V6K6JX_14.0,5,0.758355244247991,0.5192115
V6K6JX_45.0,0,0.1368978149813325,0.14531936
V6K6JX_55.0,0,0.1368978149813325,0.14531936
V6K6JX_65.0,0,0.5825236997030542,0.626425
V6K6JX_75.0,0,0.5865675753532085,0.57537216
V6K6JX_85.0,3,1.3146545022166267,1.2614529
V6K6JX_95.0,1,2.066475741835362,2.4849124
V6K6JX_105.0,2,4.2383838404115695,3.87178
V6K6JX_115.0,2,1.2605205668162196,2.366239
V6K6JX_125.0,2,0.39596002514990897,0.6191621
V7JUQL_5.0,1,0.9189304014872952,1.0313507
V7JUQL_6.0,0,3.2945100325160723,3.5951784
V7JUQL_7.0,7,5.881078721734641,6.4961658
V7JUQL_8.0,14,6.37558370041968,7.5229936
V7JUQL_9.0,1,3.292201429038991,6.1079607
V7JUQL_10.0,14,12.890345080160612,27.431461
V7JUQL_11.0,7,10.90841935365998,13.390926
V7JUQL_12.0,23,16.488442797034196,15.31443
V7JUQL_13.0,16,7.096733143843022,6.881163
V7JUQL_14.0,0,0.9904867427301439,0.997702
V7JUQL_15.0,0,0.5053975918866748,0.724264
V7JUQL_16.0,0,0.16525009044632635,0.19756234
V7JUQL_65.0,0,1.050813093595101,1.0459613
V7JUQL_75.0,9,5.697083301428385,5.033253
V7JUQL_85.0,15,14.270279108614789,11.762337
V7JUQL_95.0,0,17.405883217529844,15.225552
V7JUQL_105.0,1,20.87022238320016,20.601221
VHQ356_5.0,0,0.1749090199160003,0.14558485
VHQ356_6.0,1,0.43804912073610625,0.36952358
VHQ356_7.0,2,0.7215924870507824,0.79794216
VHQ356_8.0,4,0.8755475137150729,0.9876065
VHQ356_9.0,5,1.6910652838591445,1.940973
VHQ356_10.0,5,2.1136727613716784,2.0943847
VHQ356_11.0,6,1.3408464450324868,1.7664281
VHQ356_12.0,2,0.7579511658187842,0.85292685
VHQ356_13.0,3,0.35629939192912596,0.4895438
VHQ356_14.0,0,0.11054097936300372,0.17129904
VHQ356_85.0,0,0.022171747593008304,0.08655768
VHQ356_95.0,0,0.01979520342687796,0.08506456
VHQ356_105.0,0,0.019787888030193775,0.078223
VWXLZJ_6.0,0,0.05921138171955243,0.0815643
VWXLZJ_9.0,0,0.3668086280011228,0.28085318
VWXLZJ_10.0,0,0.4215079065562916,0.5649845
VWXLZJ_11.0,0,0.2206957507636793,0.24123621
VWXLZJ_65.0,0,0.03632756607726931,0.09388806
VWXLZJ_85.0,0,0.08585554407835295,0.25631544
VWXLZJ_105.0,1,0.46114356085174696,0.50221986
W25EZN_7.0,5,7.107749126470748,7.157924
W25EZN_8.0,18,14.520662538196053,20.958755
W25EZN_9.0,28,28.339944399820762,24.712719
W25EZN_10.0,21,23.517670306571187,25.832882
W25EZN_11.0,23,27.203331902564052,25.622519
W25EZN_12.0,21,16.49650168325391,22.729538
W25EZN_13.0,12,11.18960990958629,11.687475
W25EZN_14.0,2,0.5899678513844837,0.92545384
W25EZN_75.0,5,5.54999381337504,5.9256654
W25EZN_85.0,20,14.178004794514374,17.01258
W25EZN_95.0,30,19.99810146712121,25.07804
W25EZN_105.0,23,16.757694563560726,24.243107
W518XY_5.0,0,0.17168319257828543,0.30468974
W518XY_7.0,0,0.052253546154551404,0.083301015
W518XY_8.0,0,1.4755867629545536,2.3454144
W518XY_9.0,0,0.4826122702072303,0.8218277
W518XY_10.0,1,0.2741513664805902,0.25860465
W518XY_11.0,1,0.14548364352770737,0.2924223
W518XY_12.0,1,0.48985943344439575,0.5118708
W518XY_13.0,0,0.21829426200063148,0.29401228
W518XY_14.0,0,0.06405286913995395,0.08944449
W518XY_85.0,0,0.43110378109217107,0.5370839
W518XY_95.0,1,0.4384968144111856,0.6273758
W518XY_105.0,0,0.41114956612049713,0.5957334
W518XY_115.0,0,0.14835630277764097,0.14339797
WGHG3L_7.0,4,6.580931623050482,5.7963705
WGHG3L_8.0,10,7.423826909110158,7.6291447
WGHG3L_9.0,25,7.314330855708653,10.094984
WGHG3L_10.0,23,11.759841498688768,12.54703
WGHG3L_11.0,22,20.702075535668605,17.909412
WGHG3L_12.0,15,7.512889516381139,10.352231
WGHG3L_13.0,10,7.710077702748446,8.598294
WGHG3L_14.0,2,1.0773818851218318,1.0648103
WGHG3L_75.0,6,3.679803744734785,3.4247904
WGHG3L_85.0,8,5.891428781987285,6.6952715
WGHG3L_95.0,22,9.617023363026002,12.647199
WGHG3L_105.0,27,12.889910631342678,15.328654
WH1BJI_5.0,0,0.5700240807186309,0.6409714
WH1BJI_6.0,1,1.6525083582822075,1.7621561
WH1BJI_7.0,0,3.0262079610398485,2.9290333
WH1BJI_8.0,4,4.9887749823088505,5.414442
WH1BJI_9.0,12,8.313064425980668,8.446556
WH1BJI_10.0,14,8.659221187992237,9.422818
WH1BJI_11.0,14,10.722475747937525,12.8547125
WH1BJI_12.0,8,8.775595078036758,8.657312
WH1BJI_13.0,3,4.810988676324807,5.3634095
WH1BJI_14.0,0,2.2625348389536035,2.6147923
WH1BJI_15.0,0,0.8933687517874896,0.93773127
WH1BJI_75.0,2,1.126510982375644,1.0314342
WH1BJI_85.0,1,4.638874393795184,5.0639853
WH1BJI_95.0,8,10.049445462490423,8.390705
WH1BJI_105.0,13,7.98667716020716,9.237532
WRRW1W_4.0,2,1.4749695149465647,1.4474968
WRRW1W_5.0,4,5.773915246211616,6.1394734
WRRW1W_6.0,12,9.087960676989427,10.62273
WRRW1W_7.0,20,20.887356583762546,23.278687
WRRW1W_8.0,47,32.364425729402996,33.97807
WRRW1W_9.0,62,58.83550891684862,48.483437
WRRW1W_10.0,60,44.47655002847165,45.944004
WRRW1W_11.0,53,45.6408832342181,52.084618
WRRW1W_12.0,39,32.57545568030432,31.855263
WRRW1W_13.0,23,15.365700524496297,16.548092
WRRW1W_14.0,5,4.463839582304501,5.274134
WRRW1W_55.0,4,4.829027980582035,5.1525455
WRRW1W_65.0,10,6.439659509036096,7.718403
WRRW1W_75.0,18,17.340154044751845,17.26441
WRRW1W_85.0,51,36.222056054382094,31.974392
WRRW1W_95.0,47,41.47143789520307,36.18684
WRRW1W_105.0,39,38.38396387066137,32.809265
WRRW1W_115.0,8,6.577909337299742,7.661961
X0HH8Y_8.0,0,0.13440348418117226,0.170297
X0HH8Y_9.0,0,0.1387084271086638,0.17296576
X0HH8Y_10.0,0,0.12650485749689816,0.19511577
X0HH8Y_11.0,0,0.14322734215700825,0.20774867
X0HH8Y_12.0,0,0.10834664295907649,0.21408737
X0HH8Y_75.0,0,0.123569827218627,0.22895412
X0HH8Y_85.0,1,0.12398961376899124,0.21742915
X0HH8Y_95.0,0,0.1101365895727756,0.2204733
X0HH8Y_105.0,0,0.15966034127161097,0.25186655
X0HH8Y_115.0,0,0.08513737489732688,0.19188169
X31OGS_4.0,0,0.12237079586764706,0.16983294
X31OGS_5.0,1,0.33552711582325745,0.28055722
X31OGS_6.0,0,0.4571099029846807,0.31085423
X31OGS_7.0,1,0.5924030130070327,0.60844284
X31OGS_8.0,2,2.5138633794733334,2.3541687
X31OGS_9.0,3,3.455706561598856,3.8761442
X31OGS_10.0,3,1.416871068722375,1.8663319
X31OGS_11.0,0,3.0390798162382016,3.1617007
X31OGS_12.0,1,0.9973360817510851,1.0682068
X31OGS_13.0,0,0.25504390032736596,0.28609297
X31OGS_14.0,1,0.14140245853303623,0.20438148
X31OGS_55.0,0,0.1520672127828432,0.18397148
X31OGS_75.0,1,0.5039658236934235,0.34199157
X31OGS_85.0,2,2.103859455358868,2.3881962
X31OGS_95.0,2,3.9752544448240275,4.1352043
X31OGS_105.0,1,1.917942093539896,2.0450845
X31OGS_115.0,1,0.23917123846141736,0.27796218
XFQ9CP_4.0,0,0.12080314526740413,0.29516765
XFQ9CP_5.0,0,0.21954515991115653,0.32347775
XFQ9CP_7.0,0,0.31588857512461993,0.3072594
XFQ9CP_75.0,0,1.5528157690358115,1.5211823
XFQ9CP_95.0,0,0.31646164445026165,0.29083067
XLTRGL_7.0,0,0.7926914970127787,0.8568775
XLTRGL_8.0,0,0.3055242549194697,0.24949908
XLTRGL_9.0,2,0.6280066844964266,1.0259812
XLTRGL_10.0,2,0.8863253189930523,0.7000003
XLTRGL_11.0,0,0.8721313347027171,0.87709755
XLTRGL_12.0,1,0.417719967345611,0.356773
XLTRGL_13.0,1,0.42335429572435856,0.43818015
XLTRGL_14.0,0,0.1226265154606168,0.14558744
XLTRGL_75.0,0,0.13216136440263654,0.16627438
XLTRGL_85.0,0,0.20488684435664117,0.27769074
XLTRGL_95.0,1,0.43790491578061325,0.51237243
XLTRGL_105.0,1,0.5901012622199722,0.56636566
XPZSZ1_6.0,0,0.06433010788525588,0.12737016
XPZSZ1_7.0,0,0.8639002100515516,0.64394814
XPZSZ1_8.0,1,0.8529715033350501,0.8936602
XPZSZ1_9.0,0,0.8059736177997898,0.9077336
XPZSZ1_10.0,0,0.9780663830516177,1.1602284
XPZSZ1_11.0,1,0.7289902867988153,0.79408604
XPZSZ1_12.0,1,1.3111309894103735,1.9193683
XPZSZ1_13.0,0,0.19703337579556499,0.24006738
XPZSZ1_14.0,0,0.16617151862586663,0.22335738
XPZSZ1_55.0,0,0.15636683560297063,0.19534099
XPZSZ1_65.0,0,0.19942495379928318,0.33119306
XPZSZ1_75.0,0,0.24499785725959297,0.36653307
XPZSZ1_85.0,3,1.573193055910717,1.8625054
XPZSZ1_95.0,1,0.9304294768430953,1.0078938
XPZSZ1_105.0,0,0.7434595790397829,0.7877259
XPZSZ1_115.0,1,0.5101259094357844,0.62325585
XPZSZ1_125.0,1,0.06313458604247503,0.12742797
XSFSKX_75.0,0,0.04667272107613016,0.093908876
XSFSKX_105.0,0,0.19385933046668088,0.2909708
XSFSKX_115.0,0,0.11792097641089182,0.1712346
XUZJ74_5.0,0,0.20234350143252416,0.29643962
XUZJ74_6.0,0,0.9583374023166427,1.2168821
XUZJ74_7.0,7,4.5588075769258785,5.2014165
XUZJ74_8.0,13,14.18630352038648,14.497952
XUZJ74_9.0,34,33.903463181964995,29.74488
XUZJ74_10.0,35,43.72856195972715,38.54874
XUZJ74_11.0,32,45.69315503510573,40.121483
XUZJ74_12.0,28,17.23748186104742,22.320642
XUZJ74_13.0,12,12.06828803546241,12.420453
XUZJ74_14.0,2,1.3038137917872756,1.4785941
XUZJ74_15.0,0,0.2920657050227506,0.3722844
XUZJ74_75.0,3,1.8201624355743669,2.4919224
XUZJ74_85.0,17,14.288024357939117,14.519811
XUZJ74_95.0,29,38.57954390825567,34.872597
XUZJ74_105.0,37,18.978284734204784,25.276613
Y813MQ_4.0,0,0.21168475406878604,0.37605876
Y813MQ_5.0,0,0.6228711093294381,0.834345
Y813MQ_6.0,3,0.9143067721945123,1.8706013
Y813MQ_7.0,4,4.670655469254081,3.454566
Y813MQ_8.0,7,7.421286630110486,7.429906
Y813MQ_9.0,6,5.236952209349874,5.458186
Y813MQ_10.0,5,3.148656272613666,3.0527036
Y813MQ_11.0,2,1.319261780083653,1.0895491
Y813MQ_65.0,1,3.383920746481856,4.1349354
Y813MQ_75.0,6,3.4760661671717643,3.31798
Y813MQ_85.0,6,4.856680964720106,5.0158544
Y813MQ_95.0,2,2.3666915561151183,2.4125104
YE890X_5.0,0,0.3217635012334875,0.30490306
YE890X_6.0,0,0.3529895530811995,0.34729165
YE890X_7.0,0,0.9472270596242007,0.70675415
YE890X_8.0,1,1.3114387486695211,1.2261443
YE890X_9.0,7,2.323471868151914,2.310647
YE890X_10.0,8,6.8800935378080466,6.60655
YE890X_11.0,7,2.0918777084260243,2.2149289
YE890X_12.0,11,1.160570732557483,1.1977161
YE890X_13.0,3,0.7672867005121509,0.82185566
YE890X_15.0,0,0.15749572553336524,0.16949259
YE890X_16.0,0,0.42962465142091955,0.3597922
YE890X_75.0,1,0.6663644450126708,0.52352834
YE890X_85.0,6,0.9896622133985999,0.9955077
YE890X_95.0,7,1.294987343028066,1.2890102
YE890X_105.0,4,4.8638167437196955,4.42238
YF0X2Z_7.0,0,0.12561988496390922,0.1926643
YF0X2Z_8.0,0,0.2422096187654419,0.3180418
YF0X2Z_10.0,0,0.23994720623931273,0.31881425
YF0X2Z_11.0,0,0.24256627103574405,0.32777748
YF0X2Z_12.0,0,0.13063184442902126,0.20485635
YF0X2Z_13.0,0,0.17401127934465765,0.2925012
YF0X2Z_14.0,0,0.15934486886779373,0.20688622
YF0X2Z_15.0,0,0.09953478973949012,0.16163751
YF0X2Z_75.0,0,0.1789611581183686,0.24832535
YF0X2Z_85.0,0,0.25554498261265,0.4264948
YF0X2Z_95.0,0,0.2232144793213082,0.29356536
YF0X2Z_105.0,0,0.3663751961192865,0.46600518
YKQY4X_4.0,0,0.09450275861942686,0.15153039
YKQY4X_5.0,0,0.7479132475340098,0.8380393
YKQY4X_6.0,1,0.5782173098017468,0.49589515
YKQY4X_7.0,0,1.008308825308568,1.0897925
YKQY4X_8.0,3,0.6857247020287239,0.63981074
YKQY4X_9.0,6,1.4652087507918452,1.4915903
YKQY4X_10.0,0,1.1263915524826413,1.6818231
YKQY4X_11.0,1,1.2574352986128385,1.2636251
YKQY4X_12.0,1,4.631135832311672,4.7574854
YKQY4X_13.0,1,0.8209957875594798,0.90966964
YKQY4X_55.0,0,0.39211133548380706,0.93747985
YKQY4X_65.0,1,0.3903639699862891,0.47972557
YKQY4X_75.0,0,0.36953415204987494,0.3631002
YKQY4X_85.0,1,0.9076423064094585,0.84620553
YKQY4X_95.0,2,1.1997889400724402,0.99292594
YKQY4X_105.0,1,1.034735502434987,0.92498034
YKQY4X_115.0,0,0.2505468849625138,0.23384751
YKQY4X_125.0,0,0.034761946425881124,0.25577196
YMN5EM_5.0,0,0.04536687195812636,0.069124095
YMN5EM_6.0,0,0.04703839188663306,0.079711094
YMN5EM_7.0,0,0.048291597676182914,0.07772434
YMN5EM_8.0,0,0.09006092498916293,0.101081744
YMN5EM_9.0,0,0.09876402610646605,0.2311074
YMN5EM_10.0,0,0.11296390867767289,0.11478737
YMN5EM_11.0,0,0.061542492180380284,0.08768994
YMN5EM_12.0,0,0.03659076095157388,0.069057584
YMN5EM_13.0,0,0.06947628197852776,0.1825079
YN8OHN_6.0,0,0.1166655156290907,0.13628396
YN8OHN_7.0,0,0.19610241408970835,0.11513404
YN8OHN_8.0,0,0.23197721810508806,0.22356553
YN8OHN_9.0,0,0.2333837561090196,0.23547815
YN8OHN_10.0,0,0.22723880784954656,0.193652
YN8OHN_11.0,0,0.14180341454422674,0.11672415
YN8OHN_12.0,0,0.0647301534262226,0.076328374
YN8OHN_13.0,0,0.053610612540030494,0.070792384
YN8OHN_75.0,0,0.024936110475353497,0.0779104
YN8OHN_85.0,0,0.14716938995676954,0.12153062
YN8OHN_95.0,0,0.1135913877187433,0.20756082
YN8OHN_105.0,0,0.0243435541299462,0.0741779
YN8OHN_115.0,0,0.046781328156402215,0.066615455
YN8OHN_125.0,0,0.02442820526578313,0.051742263
YRRNGL_10.0,0,0.06570554198880107,0.10017668
Z26SRT_6.0,0,0.06433010788525588,0.12737016
Z26SRT_8.0,0,0.3427877947596727,0.33111873
Z26SRT_9.0,0,0.4110776532458364,0.58097225
Z26SRT_10.0,0,0.3204408181905927,0.37386602
Z26SRT_11.0,0,0.36847491236849494,0.39729723
Z26SRT_12.0,0,0.3828497853792778,0.52749044
Z26SRT_13.0,0,0.07204494036711463,0.1364385
Z26SRT_75.0,1,0.2907936186017324,0.27412647
Z26SRT_85.0,0,0.17089382086158014,0.33070958
Z8KPP8_5.0,0,1.5327395451464036,1.7552916
Z8KPP8_6.0,4,2.307896734407574,2.7964416
Z8KPP8_7.0,8,6.288887669458676,6.501772
Z8KPP8_8.0,14,9.16944584060845,8.518153
Z8KPP8_9.0,7,20.33621999571565,20.181545
Z8KPP8_10.0,19,14.013262218285297,23.227057
Z8KPP8_11.0,4,7.892275625590905,11.611177
Z8KPP8_12.0,18,12.225664360389075,13.093212
Z8KPP8_13.0,2,7.010137634766306,7.121579
Z8KPP8_14.0,0,1.1076448966662034,0.9375512
Z8KPP8_15.0,0,0.840391592005519,0.86887085
Z8KPP8_16.0,0,0.3221383409517409,0.38071617
Z8KPP8_65.0,1,0.626810181547929,0.73446107
Z8KPP8_75.0,4,4.636600735865001,5.4757104
Z8KPP8_85.0,2,9.498439938316007,11.506103
Z8KPP8_95.0,6,24.83578627751957,23.57904
Z8KPP8_105.0,18,14.8303145743892,20.038107
ZGYCSW_5.0,1,0.5695158392291382,0.6413995
ZGYCSW_6.0,2,0.7714217491902906,0.88920134
ZGYCSW_7.0,4,2.159729570316472,2.0509286
ZGYCSW_8.0,4,3.5741965876484385,4.5916877
ZGYCSW_9.0,4,6.675232705098139,6.762686
ZGYCSW_10.0,8,7.093182834057906,7.4392915
ZGYCSW_11.0,9,5.545181553867878,6.422587
ZGYCSW_12.0,3,5.239810939706964,5.4435563
ZGYCSW_13.0,1,2.5415914277183638,2.7824318
ZGYCSW_14.0,0,0.672842281240324,0.7869627
ZGYCSW_15.0,1,0.4377244422139265,0.36647984
ZGYCSW_16.0,0,0.1512508977585272,0.19478324
ZGYCSW_65.0,0,0.9546022275645718,1.1501411
ZGYCSW_75.0,2,1.2786703980627294,1.9211282
ZGYCSW_85.0,5,3.9690417076150872,4.2858043
ZGYCSW_95.0,10,5.311723685044961,5.71504
ZGYCSW_105.0,7,4.868511489944013,5.1240554
ZRCYSH_5.0,1,2.4203834469514898,2.5759032
ZRCYSH_6.0,2,5.915542808277807,5.346901
ZRCYSH_7.0,6,6.637075811971262,6.8124113
ZRCYSH_8.0,14,12.274382185898402,11.933265
ZRCYSH_9.0,21,19.639698136241076,20.269772
ZRCYSH_10.0,22,22.778967653399135,21.25375
ZRCYSH_11.0,62,19.0986111808123,28.232712
ZRCYSH_12.0,37,21.511440091572528,23.072945
ZRCYSH_13.0,16,13.42851966929649,14.799374
ZRCYSH_14.0,6,3.2125161653886196,3.491501
ZRCYSH_15.0,2,1.7442400380261416,2.0862265
ZRCYSH_75.0,3,4.846177011344319,4.6192136
ZRCYSH_85.0,9,12.009911740252454,11.665571
ZRCYSH_95.0,15,16.570028895702723,17.875515
ZRCYSH_105.0,26,16.801960088365586,21.270315
ZVUW6Z_4.0,0,0.04520191577255525,0.078503564
ZVUW6Z_6.0,0,0.16001662955171578,0.17763932
ZVUW6Z_7.0,0,0.08519764975547199,0.09761573
ZVUW6Z_8.0,1,0.38936901855513445,0.36223495
ZVUW6Z_9.0,0,0.14232200355572353,0.10626264
ZVUW6Z_11.0,0,0.07875055906937423,0.12918475
ZVUW6Z_12.0,0,0.03562791985744716,0.069057584
ZVUW6Z_65.0,1,0.03632756607726931,0.09388806
ZVUW6Z_75.0,0,0.024936110475353497,0.0779104
ZVUW6Z_85.0,1,0.022171747593008304,0.08655768
ZVUW6Z_95.0,0,0.15833429104490865,0.15696259
ZVUW6Z_105.0,0,0.05002440250183016,0.11438057
ZX6MUV_7.0,0,0.2984570007937136,0.5275043
ZX6MUV_8.0,1,1.1310908541072666,1.1251031
ZX6MUV_9.0,2,1.3016423210750796,1.1208433
ZX6MUV_10.0,1,1.3628694791649638,1.6748018
ZX6MUV_11.0,2,1.3597172024373814,1.3238808
ZX6MUV_12.0,0,0.8279948910964872,0.68761975
ZX6MUV_75.0,0,0.5886283856053551,0.39458746
ZX6MUV_85.0,0,0.7221821902691524,0.64965886
ZX6MUV_95.0,0,1.1057669891474535,1.0413836
ZX6MUV_105.0,0,0.6196244687706133,0.573974
